user_id,treated,factual_outcome,cf_y0_lower,cf_y0_upper,cf_y1_lower,cf_y1_upper,ite_lower,ite_upper
1012,1,63.0,,,,,,
1024,1,56.0,,,,,,
1030,1,60.0,49.61615153618236,55.39568954817234,,,4.604310451827658,10.383848463817642
1034,1,49.0,112.05891318650093,117.83845119849092,,,-68.83845119849092,-63.05891318650093
1043,1,77.0,,,,,,
1071,1,72.0,74.06282310940861,79.8423611213986,,,-7.842361121398596,-2.062823109408612
1090,1,85.0,89.35657214484613,95.13611015683611,,,-10.13611015683611,-4.356572144846126
1093,1,81.0,,,,,,
1103,1,85.0,,,,,,
1106,1,92.0,,,,,,
1107,1,82.0,62.10616878430923,67.88570679629922,,,14.114293203700782,19.893831215690767
1109,1,80.0,,,,,,
1110,1,89.0,100.70808906733384,106.48762707932383,,,-17.48762707932383,-11.708089067333844
1114,1,100.0,,,,,,
1116,1,98.0,,,,,,
1121,1,105.0,66.40374508944562,72.1832831014356,,,32.816716898564394,38.59625491055438
1122,1,87.0,,,,,,
1123,1,56.0,,,,,,
1127,1,78.0,92.81312057419031,98.59265858618029,,,-20.592658586180292,-14.813120574190307
113,1,68.0,,,,,,
1130,1,69.0,,,,,,
1134,1,50.0,,,,,,
1136,1,44.0,,,,,,
1137,1,85.0,60.68577466831162,66.46531268030161,,,18.534687319698392,24.314225331688377
1144,1,101.0,76.96186666716835,82.74140467915834,,,18.258595320841664,24.03813333283165
1145,1,170.0,150.17711481885075,155.95665283084074,,,14.043347169159262,19.822885181149246
1147,1,122.0,,,,,,
1160,1,120.0,99.42413266131445,105.20367067330443,,,14.79632932669557,20.575867338685555
1166,1,118.0,,,,,,
1177,1,195.0,60.71233518665907,66.49187319864905,,,128.50812680135095,134.28766481334094
1188,1,63.0,68.17445710483398,73.95399511682396,,,-10.953995116823961,-5.1744571048339765
1189,1,170.0,93.77712945782847,99.55666746981845,,,70.44333253018155,76.22287054217153
1191,1,158.0,62.06507036460124,67.84460837659122,,,90.15539162340878,95.93492963539876
1196,1,88.0,,,,,,
1199,1,50.0,,,,,,
1200,1,71.0,,,,,,
1205,1,105.0,,,,,,
1209,1,103.0,,,,,,
1213,1,65.0,,,,,,
1218,1,99.0,122.58029635364828,128.35983436563828,,,-29.359834365638278,-23.58029635364828
1225,1,104.0,,,,,,
1227,1,118.0,117.07983995282763,122.85937796481761,,,-4.859377964817611,0.9201600471723737
1236,1,60.0,,,,,,
1243,1,67.0,76.05821037263216,81.83774838462215,,,-14.837748384622145,-9.05821037263216
1250,1,63.0,84.86366238413498,90.64320039612497,,,-27.643200396124968,-21.863662384134983
1272,1,81.0,133.5978906734253,139.37742868541528,,,-58.37742868541528,-52.5978906734253
1276,1,60.0,,,,,,
1277,1,84.0,65.37042840116025,71.14996641315024,,,12.850033586849761,18.629571598839746
1287,1,136.0,65.40519812548833,71.18473613747831,,,64.81526386252169,70.59480187451167
1289,1,116.0,101.2777229245956,107.05726093658558,,,8.942739063414422,14.722277075404406
129,1,80.0,,,,,,
1298,1,152.0,73.33169305179689,79.11123106378687,,,72.88876893621313,78.66830694820311
130,1,43.0,,,,,,
1304,1,121.0,,,,,,
1307,1,98.0,66.21015834220492,71.9896963541949,,,26.010303645805095,31.78984165779508
1308,1,49.0,85.10713974117151,90.88667775316149,,,-41.88667775316149,-36.10713974117151
1312,1,137.0,104.39953857935363,110.17907659134362,,,26.820923408656384,32.60046142064637
1313,1,93.0,,,,,,
1323,1,83.0,65.51646709550737,71.29600510749735,,,11.70399489250265,17.483532904492634
1325,1,71.0,71.14059629167951,76.9201343036695,,,-5.920134303669499,-0.1405962916795147
133,1,40.0,93.73027564235754,99.50981365434752,,,-59.509813654347525,-53.73027564235754
1330,1,58.0,,,,,,
1342,1,115.0,,,,,,
1343,1,49.0,63.306877525715706,69.08641553770569,,,-20.08641553770569,-14.306877525715706
1347,1,180.0,,,,,,
1351,1,52.0,76.24059575466885,82.02013376665883,,,-30.02013376665883,-24.240595754668846
1353,1,97.0,76.10506805469235,81.88460606668234,,,15.115393933317662,20.894931945307647
1354,1,83.0,98.1812702037445,103.96080821573449,,,-20.960808215734488,-15.181270203744504
1364,1,155.0,,,,,,
1366,1,96.0,74.61354225933638,80.39308027132637,,,15.606919728673631,21.386457740663616
1370,1,101.0,76.36631079265544,82.14584880464542,,,18.854151195354575,24.63368920734456
1374,1,58.0,,,,,,
1376,1,75.0,120.14438790055657,125.92392591254655,,,-50.92392591254655,-45.144387900556566
1377,1,102.0,64.7933260465254,70.57286405851538,,,31.42713594148462,37.206673953474606
138,1,95.0,,,,,,
1383,1,73.0,,,,,,
1384,1,84.0,114.02140009457283,119.80093810656281,,,-35.80093810656281,-30.021400094572826
1389,1,78.0,,,,,,
139,1,20.0,82.41669437235842,88.1962323843484,,,-68.1962323843484,-62.41669437235842
1395,1,104.0,,,,,,
1396,1,82.0,,,,,,
1397,1,113.0,59.42630228306156,65.20584029505154,,,47.794159704948456,53.57369771693844
1405,1,76.0,,,,,,
1410,1,67.0,55.71298445012254,61.492522462112525,,,5.507477537887475,11.28701554987746
1417,1,63.0,,,,,,
1418,1,83.0,68.13327990494278,73.91281791693277,,,9.087182083067233,14.866720095057218
1424,1,74.0,72.26943997265846,78.04897798464845,,,-4.048977984648445,1.7305600273415394
1431,1,111.0,,,,,,
1434,1,73.0,83.8822111527191,89.66174916470908,,,-16.66174916470908,-10.882211152719094
1435,1,103.0,,,,,,
1439,1,146.0,,,,,,
144,1,52.0,,,,,,
1450,1,125.0,87.90382323099685,93.68336124298683,,,31.316638757013166,37.09617676900315
1467,1,194.0,,,,,,
1476,1,86.0,,,,,,
1481,1,48.0,,,,,,
1482,1,91.0,56.65198575322725,62.431523765217236,,,28.568476234782764,34.34801424677275
1495,1,139.0,,,,,,
1498,1,65.0,,,,,,
150,1,74.0,65.62151433652518,71.40105234851517,,,2.598947651484835,8.37848566347482
1513,1,108.0,130.45321213866558,136.23275015065556,,,-28.232750150655562,-22.453212138665577
1520,1,67.0,102.6974204444489,108.47695845643888,,,-41.47695845643888,-35.697420444448895
1521,1,106.0,,,,,,
1532,1,87.0,,,,,,
1536,1,41.0,,,,,,
1540,1,79.0,,,,,,
1541,1,107.0,52.05371577857728,57.83325379056726,,,49.16674620943274,54.94628422142272
155,1,78.0,85.05361488442722,90.8331528964172,,,-12.833152896417204,-7.053614884427219
1559,1,81.0,,,,,,
1579,1,86.0,70.3675037902525,76.14704180224248,,,9.852958197757516,15.6324962097475
1588,1,72.0,,,,,,
160,1,58.0,75.92847265543995,81.70801066742993,,,-23.70801066742993,-17.928472655439947
1601,1,131.0,,,,,,
1605,1,96.0,69.65338642034231,75.4329244323323,,,20.5670755676677,26.346613579657685
1608,1,69.0,,,,,,
1613,1,53.0,45.121845978066226,50.90138399005621,,,2.0986160099437896,7.878154021933774
1615,1,57.0,,,,,,
1619,1,65.0,,,,,,
1625,1,56.0,,,,,,
1628,1,66.0,,,,,,
1652,1,122.0,79.43006084635596,85.20959885834594,,,36.79040114165406,42.56993915364404
1659,1,47.0,,,,,,
167,1,169.0,,,,,,
1679,1,66.0,83.2247365416001,89.00427455359008,,,-23.00427455359008,-17.224736541600095
168,1,105.0,67.42555772883348,73.20509574082347,,,31.794904259176533,37.57444227116652
1695,1,101.0,,,,,,
1705,1,75.0,125.76265470056438,131.54219271255437,,,-56.54219271255437,-50.76265470056438
1710,1,124.0,,,,,,
1736,1,65.0,74.14743587345615,79.92697388544613,,,-14.926973885446131,-9.147435873456146
1743,1,87.0,73.16907660937348,78.94861462136346,,,8.051385378636539,13.830923390626523
1748,1,67.0,,,,,,
1770,1,126.0,82.43023571493167,88.20977372692165,,,37.790226273078346,43.56976428506833
1780,1,90.0,,,,,,
1804,1,67.0,,,,,,
182,1,60.0,,,,,,
1829,1,76.0,96.27052541731058,102.05006342930056,,,-26.050063429300565,-20.27052541731058
1832,1,118.0,83.84425815921904,89.62379617120902,,,28.376203828790977,34.15574184078096
1843,1,101.0,,,,,,
1852,1,90.0,111.02115237372746,116.80069038571744,,,-26.800690385717445,-21.02115237372746
1870,1,71.0,83.74560553774468,89.52514354973466,,,-18.525143549734665,-12.74560553774468
1871,1,89.0,51.86350740465332,57.643045416643304,,,31.356954583356696,37.13649259534668
1880,1,146.0,79.35243311251261,85.1319711245026,,,60.8680288754974,66.64756688748739
1884,1,89.0,,,,,,
1892,1,41.0,,,,,,
1896,1,66.0,,,,,,
1897,1,93.0,,,,,,
1904,1,148.0,,,,,,
1932,1,65.0,68.44182407289972,74.2213620848897,,,-9.221362084889705,-3.4418240728997205
194,1,95.0,,,,,,
1952,1,74.0,,,,,,
1959,1,70.0,,,,,,
1960,1,103.0,,,,,,
1963,1,89.0,,,,,,
1964,1,91.0,,,,,,
1967,1,75.0,,,,,,
1974,1,147.0,50.130589499871505,55.91012751186149,,,91.08987248813851,96.8694105001285
1979,1,85.0,71.2416719403852,77.02120995237519,,,7.978790047624813,13.758328059614797
1980,1,35.0,,,,,,
1988,1,76.0,84.67372008977455,90.45325810176453,,,-14.453258101764533,-8.673720089774548
199,1,107.0,,,,,,
1991,1,60.0,,,,,,
200,1,46.0,,,,,,
2003,1,65.0,108.6398684724482,114.41940648443818,,,-49.419406484438184,-43.6398684724482
2009,1,82.0,101.72788279954952,107.5074208115395,,,-25.507420811539504,-19.72788279954952
2011,1,46.0,109.74997961938739,115.52951763137737,,,-69.52951763137737,-63.74997961938739
2012,1,72.0,,,,,,
2014,1,102.0,,,,,,
2017,1,118.0,65.21859335265654,70.99813136464653,,,47.001868635353475,52.78140664734346
2018,1,42.0,73.24621200523671,79.0257500172267,,,-37.0257500172267,-31.246212005236714
2027,1,97.0,,,,,,
2030,1,106.0,100.69752484071432,106.47706285270431,,,-0.47706285270430726,5.302475159285677
2034,1,53.0,137.03314623271874,142.81268424470872,,,-89.81268424470872,-84.03314623271874
2042,1,59.0,,,,,,
2053,1,65.0,55.733900231342744,61.51343824333273,,,3.486561756667271,9.266099768657256
2057,1,159.0,89.28147230334802,95.06101031533801,,,63.93898968466199,69.71852769665198
2059,1,93.0,88.21262133841762,93.9921593504076,,,-0.9921593504076043,4.78737866158238
2061,1,84.0,,,,,,
2067,1,82.0,,,,,,
2075,1,65.0,48.12009017342497,53.899628185414954,,,11.100371814585046,16.87990982657503
2090,1,79.0,69.00309516965996,74.78263318164994,,,4.217366818350058,9.996904830340043
2096,1,49.0,,,,,,
2097,1,105.0,82.53725585388406,88.31679386587405,,,16.683206134125953,22.462744146115938
2101,1,69.0,100.41243604722808,106.19197405921807,,,-37.19197405921807,-31.412436047228084
2103,1,70.0,,,,,,
2107,1,138.0,86.95129018104052,92.7308281930305,,,45.269171806969496,51.04870981895948
2108,1,73.0,101.49007574397689,107.26961375596687,,,-34.26961375596687,-28.490075743976888
2112,1,76.0,,,,,,
2114,1,86.0,,,,,,
2122,1,125.0,70.65672729913149,76.43626531112147,,,48.563734688878526,54.34327270086851
2131,1,79.0,,,,,,
2142,1,82.0,,,,,,
2145,1,87.0,,,,,,
2150,1,42.0,63.3462539590104,69.12579197100038,,,-27.125791971000382,-21.346253959010397
2151,1,96.0,95.62464475199016,101.40418276398015,,,-5.404182763980145,0.3753552480098392
2161,1,59.0,86.64124072129903,92.42077873328901,,,-33.42077873328901,-27.641240721299027
2163,1,104.0,52.8505827371889,58.630120749178886,,,45.369879250821114,51.1494172628111
2169,1,78.0,106.72649629354738,112.50603430553737,,,-34.50603430553737,-28.726496293547385
217,1,54.0,,,,,,
2170,1,86.0,61.681733101936445,67.46127111392643,,,18.53872888607357,24.318266898063555
2171,1,93.0,76.01580298540158,81.79534099739156,,,11.204659002608437,16.984197014598422
2177,1,40.0,,,,,,
2178,1,83.0,,,,,,
2182,1,80.0,,,,,,
2184,1,48.0,122.75507369668676,128.53461170867675,,,-80.53461170867675,-74.75507369668676
2185,1,35.0,,,,,,
2187,1,66.0,,,,,,
2190,1,110.0,,,,,,
2191,1,62.0,,,,,,
2197,1,50.0,96.74304486598093,102.52258287797092,,,-52.52258287797092,-46.743044865980934
22,1,60.0,55.98801428474804,61.767552296738025,,,-1.7675522967380246,4.01198571525196
2202,1,85.0,69.35053352016145,75.13007153215143,,,9.869928467848567,15.649466479838551
2203,1,80.0,108.5568284735638,114.33636648555378,,,-34.33636648555378,-28.556828473563797
2209,1,60.0,,,,,,
221,1,104.0,98.29823001699563,104.07776802898562,,,-0.07776802898561641,5.701769983004368
2210,1,27.0,70.30721788190189,76.08675589389188,,,-49.086755893891876,-43.30721788190189
2211,1,49.0,78.14808224928552,83.92762026127551,,,-34.92762026127551,-29.148082249285522
2212,1,75.0,,,,,,
2215,1,74.0,,,,,,
2219,1,198.0,105.17313498305228,110.95267299504226,,,87.04732700495774,92.82686501694772
2226,1,134.0,,,,,,
2227,1,78.0,130.67580001718989,136.45533802917987,,,-58.45533802917987,-52.675800017189886
223,1,37.0,71.6384776844099,77.41801569639989,,,-40.41801569639989,-34.63847768440991
2230,1,70.0,77.61584009815795,83.39537811014793,,,-13.39537811014793,-7.615840098157946
2237,1,127.0,,,,,,
2247,1,97.0,67.70865636165885,73.48819437364884,,,23.511805626351162,29.291343638341147
2248,1,69.0,,,,,,
225,1,54.0,,,,,,
2251,1,95.0,91.86924363319439,97.64878164518437,,,-2.6487816451843713,3.1307563668056133
2254,1,75.0,,,,,,
2257,1,71.0,,,,,,
2258,1,86.0,,,,,,
2264,1,84.0,81.22334273361056,87.00288074560055,,,-3.0028807456005495,2.776657266389435
2268,1,85.0,,,,,,
2275,1,73.0,91.37024897088483,97.14978698287482,,,-24.149786982874815,-18.37024897088483
2277,1,58.0,,,,,,
2295,1,86.0,,,,,,
2306,1,92.0,83.89535139352076,89.67488940551074,,,2.32511059448926,8.104648606479245
2315,1,57.0,111.56882793001574,117.34836594200573,,,-60.34836594200573,-54.56882793001574
2321,1,74.0,,,,,,
2327,1,114.0,89.80245424879857,95.58199226078855,,,18.418007739211447,24.19754575120143
2331,1,75.0,53.5231646709318,59.30270268292178,,,15.697297317078217,21.4768353290682
2352,1,56.0,,,,,,
2369,1,96.0,59.64648635058603,65.42602436257602,,,30.573975637423985,36.35351364941397
2384,1,42.0,86.18529864711677,91.96483665910675,,,-49.96483665910675,-44.18529864711677
2385,1,111.0,148.24644788961507,154.02598590160505,,,-43.025985901605054,-37.24644788961507
2391,1,74.0,,,,,,
2396,1,47.0,,,,,,
240,1,40.0,58.48866372997263,64.26820174196261,,,-24.268201741962613,-18.48866372997263
2402,1,85.0,,,,,,
2405,1,50.0,,,,,,
2408,1,127.0,,,,,,
2412,1,73.0,112.18320116058868,117.96273917257867,,,-44.962739172578665,-39.18320116058868
2419,1,90.0,,,,,,
2423,1,72.0,,,,,,
2428,1,124.0,83.51491862952932,89.2944566415193,,,34.705543358480696,40.48508137047068
2433,1,109.0,,,,,,
2437,1,112.0,70.53228672005564,76.31182473204562,,,35.68817526795438,41.46771327994436
2438,1,62.0,,,,,,
2440,1,36.0,,,,,,
2442,1,82.0,68.01530608007835,73.79484409206833,,,8.205155907931669,13.984693919921654
2444,1,74.0,64.32031616108279,70.09985417307277,,,3.900145826927229,9.679683838917214
2446,1,49.0,96.78869794887692,102.5682359608669,,,-53.5682359608669,-47.788697948876916
2451,1,55.0,,,,,,
2457,1,58.0,,,,,,
2458,1,119.0,,,,,,
246,1,80.0,90.14110847816525,95.92064649015524,,,-15.920646490155235,-10.14110847816525
2460,1,91.0,55.538511803202795,61.31804981519278,,,29.68195018480722,35.461488196797205
2462,1,101.0,,,,,,
2470,1,66.0,,,,,,
2471,1,58.0,,,,,,
2473,1,102.0,73.74872745048391,79.5282654624739,,,22.471734537526103,28.251272549516088
2483,1,78.0,86.26880030628878,92.04833831827877,,,-14.048338318278766,-8.268800306288782
2485,1,109.0,82.34863692518162,88.12817493717161,,,20.871825062828393,26.651363074818377
2488,1,118.0,98.46034310078889,104.23988111277887,,,13.760118887221125,19.53965689921111
2494,1,100.0,146.97901912948709,152.75855714147707,,,-52.75855714147707,-46.979019129487085
2496,1,59.0,71.93322587895912,77.7127638909491,,,-18.712763890949105,-12.93322587895912
2503,1,102.0,,,,,,
2508,1,96.0,73.77965163842586,79.55918965041585,,,16.440810349584154,22.22034836157414
251,1,52.0,,,,,,
2513,1,128.0,,,,,,
2515,1,36.0,110.34234041323597,116.12187842522596,,,-80.12187842522596,-74.34234041323597
2517,1,53.0,,,,,,
2518,1,159.0,135.85373120088187,141.63326921287185,,,17.366730787128148,23.146268799118133
2520,1,64.0,,,,,,
2527,1,88.0,,,,,,
2533,1,46.0,64.37685511418695,70.15639312617694,,,-24.156393126176937,-18.376855114186952
2534,1,50.0,84.69499170581142,90.4745297178014,,,-40.4745297178014,-34.69499170581142
2536,1,95.0,67.65690142441215,73.43643943640214,,,21.56356056359786,27.343098575587845
2538,1,90.0,,,,,,
2544,1,67.0,103.45764152868111,109.2371795406711,,,-42.23717954067109,-36.45764152868111
2548,1,88.0,89.66559140101437,95.44512941300435,,,-7.445129413004352,-1.6655914010143675
2550,1,96.0,81.43115178962672,87.21068980161671,,,8.78931019838329,14.568848210373275
2551,1,182.0,75.33131687273823,81.11085488472821,,,100.88914511527179,106.66868312726177
2555,1,63.0,,,,,,
2557,1,94.0,114.52229403454777,120.30183204653775,,,-26.301832046537754,-20.52229403454777
2562,1,73.0,,,,,,
2565,1,71.0,89.11232206093356,94.89186007292355,,,-23.89186007292355,-18.112322060933565
2570,1,91.0,66.75724676512863,72.53678477711861,,,18.463215222881388,24.242753234871373
2573,1,93.0,73.98679289122033,79.76633090321032,,,13.233669096789683,19.013207108779667
2574,1,199.0,116.79684022350293,122.57637823549291,,,76.42362176450709,82.20315977649707
2577,1,68.0,68.49553170491207,74.27506971690205,,,-6.275069716902053,-0.495531704912068
2581,1,92.0,,,,,,
2582,1,128.0,,,,,,
2584,1,64.0,134.9227098657084,140.7022478776984,,,-76.7022478776984,-70.92270986570841
2586,1,98.0,,,,,,
2587,1,158.0,,,,,,
2592,1,102.0,79.96003897399942,85.7395769859894,,,16.2604230140106,22.039961026000583
2594,1,76.0,,,,,,
2609,1,61.0,93.91548590278792,99.6950239147779,,,-38.695023914777906,-32.91548590278792
2611,1,72.0,96.63153662719417,102.41107463918415,,,-30.41107463918415,-24.631536627194166
2613,1,63.0,55.6137960635863,61.393334075576284,,,1.6066659244237158,7.3862039364137
2614,1,110.0,49.90609107265513,55.685629084645115,,,54.314370915354885,60.09390892734487
2615,1,92.0,98.39318181559997,104.17271982758996,,,-12.172719827589958,-6.393181815599974
2617,1,59.0,,,,,,
2620,1,78.0,137.0301918538866,142.8097298658766,,,-64.80972986587659,-59.030191853886606
2621,1,118.0,,,,,,
2627,1,99.0,75.10680075734336,80.88633876933335,,,18.11366123066665,23.893199242656635
2630,1,75.0,,,,,,
2631,1,75.0,58.70851969952769,64.48805771151768,,,10.511942288482317,16.29148030047231
2634,1,154.0,56.72684516245005,62.50638317444003,,,91.49361682555997,97.27315483754995
2643,1,68.0,,,,,,
2645,1,52.0,122.01553159692743,127.79506960891742,,,-75.79506960891742,-70.01553159692743
2646,1,87.0,137.0704902071215,142.8500282191115,,,-55.85002821911149,-50.07049020712151
2653,1,116.0,86.2528295993077,92.03236761129769,,,23.967632388702313,29.747170400692298
2657,1,98.0,45.32880692860418,51.108344940594165,,,46.891655059405835,52.67119307139582
2661,1,62.0,88.86006045239634,94.63959846438632,,,-32.639598464386324,-26.86006045239634
2662,1,55.0,63.54721655149383,69.32675456348382,,,-14.326754563483817,-8.547216551493833
2664,1,77.0,55.146265742903644,60.92580375489363,,,16.07419624510637,21.853734257096356
2665,1,100.0,116.34161646629038,122.12115447828036,,,-22.12115447828036,-16.341616466290375
2670,1,92.0,,,,,,
2671,1,101.0,,,,,,
2674,1,66.0,115.27057881972723,121.05011683171722,,,-55.05011683171722,-49.270578819727234
2678,1,64.0,67.71795833630095,73.49749634829094,,,-9.497496348290937,-3.7179583363009527
2687,1,99.0,69.40860876654095,75.18814677853094,,,23.811853221469065,29.59139123345905
2688,1,101.0,,,,,,
269,1,69.0,,,,,,
2692,1,86.0,97.25737532349746,103.03691333548744,,,-17.03691333548744,-11.257375323497456
2694,1,64.0,,,,,,
2697,1,70.0,,,,,,
2709,1,71.0,118.96276765012672,124.7423056621167,,,-53.742305662116706,-47.96276765012672
2717,1,136.0,,,,,,
2721,1,120.0,124.92279260938571,130.7023306213757,,,-10.702330621375694,-4.922792609385709
273,1,46.0,118.38268455935807,124.16222257134805,,,-78.16222257134805,-72.38268455935807
2730,1,60.0,,,,,,
2731,1,48.0,120.56065472971721,126.3401927417072,,,-78.3401927417072,-72.56065472971721
2732,1,109.0,,,,,,
2733,1,97.0,66.59615201036877,72.37569002235875,,,24.624309977641246,30.40384798963123
2750,1,101.0,,,,,,
2755,1,207.0,76.32461185200918,82.10414986399917,,,124.89585013600083,130.67538814799082
2756,1,52.0,64.35725312117421,70.1367911331642,,,-18.136791133164195,-12.35725312117421
2762,1,65.0,123.14736217551973,128.92690018750972,,,-63.926900187509716,-58.14736217551973
277,1,57.0,105.13852009896499,110.91805811095497,,,-53.91805811095497,-48.13852009896499
2775,1,79.0,95.77422863547437,101.55376664746436,,,-22.553766647464357,-16.774228635474373
2780,1,50.0,76.93716819864031,82.71670621063029,,,-32.71670621063029,-26.937168198640308
2783,1,80.0,117.38702428353264,123.16656229552262,,,-43.166562295522624,-37.38702428353264
2790,1,105.0,53.17569985908122,58.955237871071205,,,46.044762128928795,51.82430014091878
2796,1,89.0,,,,,,
28,1,67.0,,,,,,
2801,1,97.0,149.60246457743463,155.38200258942462,,,-58.382002589424616,-52.60246457743463
2805,1,111.0,64.70162371984797,70.48116173183796,,,40.51883826816204,46.29837628015203
2806,1,97.0,,,,,,
2807,1,71.0,74.99831997492757,80.77785798691755,,,-9.777857986917553,-3.9983199749275684
2814,1,101.0,79.48149775159007,85.26103576358005,,,15.738964236419946,21.51850224840993
2819,1,144.0,59.049698247534735,64.82923625952472,,,79.17076374047528,84.95030175246526
2823,1,72.0,84.86696789615957,90.64650590814955,,,-18.64650590814955,-12.866967896159565
2829,1,159.0,99.65166880894989,105.43120682093988,,,53.56879317906012,59.34833119105011
2830,1,105.0,91.11309568671965,96.89263369870963,,,8.10736630129037,13.886904313280354
2842,1,43.0,101.36036309514861,107.1399011071386,,,-64.1399011071386,-58.360363095148614
2843,1,100.0,,,,,,
285,1,97.0,,,,,,
291,1,86.0,89.4380790182579,95.21761703024788,,,-9.21761703024788,-3.438079018257895
292,1,30.0,76.81443626643483,82.59397427842481,,,-52.59397427842481,-46.814436266434825
293,1,57.0,,,,,,
299,1,86.0,,,,,,
302,1,85.0,68.42146221246887,74.20100022445885,,,10.798999775541148,16.578537787531133
312,1,73.0,99.22293573888467,105.00247375087466,,,-32.00247375087466,-26.222935738884672
317,1,47.0,97.64020974239457,103.41974775438456,,,-56.41974775438456,-50.640209742394575
326,1,102.0,71.30379154841384,77.08332956040383,,,24.916670439596174,30.69620845158616
3279,1,66.0,,,,,,
3282,1,126.0,,,,,,
3288,1,121.0,100.33265940948661,106.1121974214766,,,14.887802578523406,20.66734059051339
3301,1,89.0,63.31574724950599,69.09528526149597,,,19.904714738504026,25.68425275049401
3308,1,40.0,86.47551082846644,92.25504884045642,,,-52.255048840456425,-46.47551082846644
3323,1,78.0,48.68200248764525,54.461540499635234,,,23.538459500364766,29.31799751235475
3325,1,58.0,,,,,,
3333,1,45.0,,,,,,
3339,1,77.0,,,,,,
334,1,108.0,,,,,,
3343,1,83.0,,,,,,
3347,1,88.0,,,,,,
335,1,60.0,82.68493283479064,88.46447084678063,,,-28.464470846780628,-22.684932834790644
3352,1,157.0,,,,,,
3355,1,59.0,,,,,,
3359,1,125.0,133.86481349398926,139.64435150597924,,,-14.644351505979245,-8.86481349398926
3361,1,133.0,94.35806438479418,100.13760239678416,,,32.86239760321584,38.641935615205824
3363,1,111.0,,,,,,
3371,1,120.0,,,,,,
3377,1,68.0,,,,,,
3378,1,85.0,106.44591283893126,112.22545085092125,,,-27.22545085092125,-21.445912838931264
3379,1,127.0,,,,,,
3383,1,68.0,,,,,,
3388,1,119.0,,,,,,
3390,1,34.0,,,,,,
3394,1,87.0,,,,,,
3398,1,83.0,,,,,,
3399,1,40.0,87.58818870350179,93.36772671549177,,,-53.36772671549177,-47.588188703501785
3400,1,98.0,,,,,,
3401,1,126.0,,,,,,
3402,1,160.0,,,,,,
3403,1,71.0,116.16854409562816,121.94808210761815,,,-50.94808210761815,-45.168544095628164
341,1,152.0,85.66238410300835,91.44192211499833,,,60.558077885001666,66.33761589699165
3412,1,127.0,73.93213238287683,79.71167039486681,,,47.288329605133185,53.06786761712317
3413,1,103.0,,,,,,
3421,1,74.0,67.26227542401156,73.04181343600155,,,0.9581865639984528,6.737724575988437
3423,1,76.0,,,,,,
3427,1,87.0,100.16713490822679,105.94667292021677,,,-18.94667292021677,-13.167134908226785
3432,1,105.0,125.24835491526335,131.02789292725333,,,-26.027892927253333,-20.24835491526335
3448,1,119.0,,,,,,
3449,1,46.0,,,,,,
3450,1,48.0,89.9722412545878,95.75177926657778,,,-47.751779266577785,-41.9722412545878
3456,1,63.0,83.80205512071862,89.5815931327086,,,-26.581593132708605,-20.80205512071862
3462,1,95.0,,,,,,
3463,1,89.0,59.56624732901513,65.34578534100511,,,23.65421465899489,29.433752670984873
3468,1,56.0,67.77968923482177,73.55922724681176,,,-17.55922724681176,-11.779689234821774
3471,1,65.0,63.67615382556815,69.45569183755813,,,-4.455691837558135,1.32384617443185
3475,1,87.0,67.19715423915429,72.97669225114427,,,14.023307748855729,19.802845760845713
348,1,108.0,64.54408065047753,70.32361866246751,,,37.67638133753249,43.455919349522475
3484,1,83.0,91.82506241627664,97.60460042826662,,,-14.604600428266622,-8.825062416276637
3489,1,43.0,65.44517528755262,71.2247132995426,,,-28.2247132995426,-22.445175287552615
3491,1,111.0,113.38241136212037,119.16194937411035,,,-8.16194937411035,-2.382411362120365
3497,1,77.0,115.35617674081792,121.1357147528079,,,-44.1357147528079,-38.356176740817915
3499,1,80.0,,,,,,
3503,1,162.0,59.41674438260385,65.19628239459384,,,96.80371760540616,102.58325561739615
3506,1,80.0,87.08764603147068,92.86718404346067,,,-12.867184043460668,-7.087646031470683
3513,1,106.0,,,,,,
3533,1,182.0,145.1276430946268,150.90718110661678,,,31.092818893383225,36.87235690537321
3535,1,110.0,,,,,,
3543,1,110.0,,,,,,
357,1,75.0,99.06252651635228,104.84206452834226,,,-29.842064528342263,-24.06252651635228
371,1,72.0,85.19777674469398,90.97731475668397,,,-18.977314756683967,-13.197776744693982
381,1,88.0,,,,,,
389,1,71.0,,,,,,
392,1,59.0,70.15077420756666,75.93031221955664,,,-16.93031221955664,-11.150774207566656
3957,1,53.0,,,,,,
396,1,68.0,,,,,,
3979,1,56.0,,,,,,
3980,1,92.0,,,,,,
3983,1,59.0,98.87390403160688,104.65344204359687,,,-45.65344204359687,-39.873904031606884
3985,1,99.0,,,,,,
3992,1,56.0,,,,,,
4005,1,64.0,95.08814990029092,100.8676879122809,,,-36.8676879122809,-31.088149900290915
4012,1,79.0,72.0468769905865,77.82641500257648,,,1.173584997423518,6.953123009413503
4016,1,73.0,,,,,,
402,1,72.0,111.76492493792145,117.54446294991143,,,-45.544462949911434,-39.76492493792145
4021,1,77.0,,,,,,
4024,1,100.0,,,,,,
4036,1,65.0,,,,,,
4042,1,70.0,,,,,,
4049,1,89.0,88.00406629033925,93.78360430232924,,,-4.783604302329238,0.995933709660747
4053,1,73.0,,,,,,
4073,1,49.0,,,,,,
4077,1,104.0,59.53235175537736,65.31188976736735,,,38.68811023263265,44.46764824462264
4082,1,135.0,74.52917771205829,80.30871572404827,,,54.69128427595173,60.470822287941715
4083,1,57.0,,,,,,
4095,1,86.0,86.96149024347505,92.74102825546504,,,-6.741028255465039,-0.9614902434750547
4102,1,41.0,86.54729378049598,92.32683179248596,,,-51.32683179248596,-45.54729378049598
4103,1,84.0,,,,,,
4120,1,43.0,127.66282754941105,133.44236556140103,,,-90.44236556140103,-84.66282754941105
4130,1,99.0,73.91951281708236,79.69905082907235,,,19.30094917092765,25.080487182917636
4131,1,126.0,,,,,,
4133,1,120.0,,,,,,
4139,1,107.0,94.2864115047257,100.06594951671569,,,6.9340504832843095,12.713588495274294
4146,1,87.0,,,,,,
4148,1,89.0,,,,,,
4155,1,78.0,,,,,,
4163,1,82.0,,,,,,
4167,1,93.0,,,,,,
417,1,65.0,76.90550332510027,82.68504133709025,,,-17.685041337090254,-11.90550332510027
4170,1,67.0,66.96052349874658,72.74006151073657,,,-5.740061510736567,0.03947650125341795
4182,1,104.0,145.99881068923165,151.77834870122163,,,-47.77834870122163,-41.99881068923165
4184,1,66.0,,,,,,
419,1,84.0,97.92923851639245,103.70877652838243,,,-19.70877652838243,-13.929238516392445
4191,1,100.0,71.25056643686398,77.03010444885396,,,22.96989555114604,28.749433563136023
4197,1,79.0,68.61972018371976,74.39925819570975,,,4.6007418042902515,10.380279816280236
42,1,86.0,,,,,,
420,1,62.0,61.233711076086905,67.01324908807689,,,-5.01324908807689,0.7662889239130948
4204,1,72.0,52.12894906700229,57.90848707899227,,,14.091512921007727,19.87105093299771
4227,1,115.0,,,,,,
4229,1,45.0,,,,,,
4230,1,82.0,,,,,,
4231,1,136.0,57.69402571545791,63.473563727447896,,,72.5264362725521,78.30597428454209
4242,1,91.0,,,,,,
4259,1,99.0,,,,,,
4268,1,128.0,71.84959219436675,77.62913020635673,,,50.370869793643266,56.15040780563325
429,1,117.0,65.9557171628482,71.73525517483819,,,45.26474482516181,51.0442828371518
445,1,64.0,69.92316414915844,75.70270216114842,,,-11.702702161148423,-5.923164149158438
455,1,42.0,,,,,,
456,1,98.0,95.95941030452438,101.73894831651437,,,-3.7389483165143673,2.0405896954756173
457,1,85.0,,,,,,
469,1,110.0,,,,,,
496,1,50.0,124.32757609762507,130.10711410961505,,,-80.10711410961505,-74.32757609762507
498,1,48.0,,,,,,
515,1,167.0,,,,,,
525,1,63.0,97.90999998026689,103.68953799225687,,,-40.689537992256874,-34.90999998026689
542,1,71.0,,,,,,
549,1,101.0,112.30933992247276,118.08887793446274,,,-17.088877934462744,-11.309339922472759
55,1,48.0,57.646797317864326,63.42633532985431,,,-15.42633532985431,-9.646797317864326
553,1,35.0,,,,,,
556,1,73.0,,,,,,
559,1,43.0,,,,,,
565,1,88.0,,,,,,
568,1,93.0,,,,,,
572,1,113.0,,,,,,
573,1,99.0,58.14896549471051,63.928503506700494,,,35.071496493299506,40.85103450528949
578,1,116.0,76.24062526371316,82.02016327570314,,,33.97983672429686,39.759374736286844
58,1,45.0,,,,,,
585,1,61.0,63.4252372580893,69.20477527007928,,,-8.204775270079281,-2.4252372580892967
593,1,54.0,,,,,,
595,1,85.0,131.59864270416602,137.378180716156,,,-52.37818071615601,-46.598642704166025
602,1,55.0,69.73456233336552,75.5141003453555,,,-20.5141003453555,-14.734562333365517
608,1,127.0,,,,,,
610,1,61.0,,,,,,
615,1,59.0,84.39851649024318,90.17805450223317,,,-31.178054502233167,-25.398516490243182
625,1,79.0,94.57183774043772,100.3513757524277,,,-21.3513757524277,-15.571837740437715
629,1,54.0,,,,,,
63,1,66.0,,,,,,
631,1,67.0,95.90407975934974,101.68361777133973,,,-34.683617771339726,-28.90407975934974
637,1,112.0,114.2934302972232,120.07296830921318,,,-8.07296830921318,-2.293430297223196
64,1,54.0,65.61820071125916,71.39773872324915,,,-17.397738723249148,-11.618200711259163
641,1,70.0,100.11874683039116,105.89828484238114,,,-35.898284842381145,-30.11874683039116
648,1,86.0,83.31901482946037,89.09855284145036,,,-3.0985528414503563,2.6809851705396284
650,1,126.0,,,,,,
651,1,111.0,62.77884497857161,68.5583829905616,,,42.4416170094384,48.22115502142839
653,1,68.0,84.82699266401252,90.6065306760025,,,-22.606530676002507,-16.826992664012522
677,1,91.0,102.5574241534946,108.33696216548458,,,-17.33696216548458,-11.557424153494594
68,1,75.0,97.84276118690283,103.62229919889282,,,-28.62229919889282,-22.842761186902834
689,1,59.0,113.59921845798496,119.37875646997495,,,-60.378756469974945,-54.59921845798496
690,1,114.0,,,,,,
7,1,80.0,100.24815603529044,106.02769404728042,,,-26.02769404728042,-20.248156035290435
703,1,59.0,,,,,,
72,1,76.0,,,,,,
722,1,124.0,,,,,,
724,1,144.0,63.16541114945008,68.94494916144006,,,75.05505083855994,80.83458885054992
74,1,50.0,81.05821930500971,86.8377573169997,,,-36.8377573169997,-31.058219305009715
741,1,94.0,105.19631518201655,110.97585319400653,,,-16.975853194006532,-11.196315182016548
743,1,74.0,,,,,,
747,1,102.0,,,,,,
751,1,65.0,75.2896108516685,81.06914886365848,,,-16.069148863658484,-10.289610851668499
757,1,94.0,57.62237394255608,63.401911954546065,,,30.598088045453935,36.37762605744392
771,1,90.0,110.77329115930362,116.55282917129361,,,-26.55282917129361,-20.773291159303625
773,1,50.0,,,,,,
777,1,85.0,109.35088109443771,115.1304191064277,,,-30.130419106427695,-24.35088109443771
781,1,60.0,139.20809232857064,144.98763034056063,,,-84.98763034056063,-79.20809232857064
788,1,85.0,88.9554338879099,94.73497189989989,,,-9.73497189989989,-3.955433887909905
790,1,168.0,93.34157282421522,99.1211108362052,,,68.8788891637948,74.65842717578478
792,1,73.0,,,,,,
793,1,84.0,,,,,,
794,1,67.0,,,,,,
803,1,144.0,83.24097977139044,89.02051778338043,,,54.97948221661957,60.75902022860956
816,1,75.0,,,,,,
821,1,113.0,104.23527702726514,110.01481503925513,,,2.985184960744874,8.764722972734859
825,1,108.0,58.66249269511776,64.44203070710775,,,43.55796929289225,49.33750730488224
826,1,39.0,,,,,,
833,1,58.0,,,,,,
836,1,157.0,,,,,,
838,1,85.0,,,,,,
840,1,86.0,60.51713072287582,66.2966687348658,,,19.703331265134196,25.48286927712418
845,1,85.0,98.41239164885147,104.19192966084145,,,-19.191929660841453,-13.412391648851468
846,1,87.0,,,,,,
867,1,81.0,,,,,,
87,1,87.0,115.7202858916224,121.49982390361238,,,-34.49982390361238,-28.720285891622396
874,1,103.0,74.62251522210227,80.40205323409225,,,22.59794676590775,28.377484777897735
876,1,97.0,82.75943162296356,88.53896963495355,,,8.461030365046454,14.240568377036439
878,1,68.0,77.00012934130676,82.77966735329674,,,-14.779667353296745,-9.00012934130676
882,1,91.0,,,,,,
883,1,128.0,70.40549037316501,76.185028385155,,,51.81497161484501,57.59450962683499
885,1,61.0,45.924289198651024,51.70382721064101,,,9.296172789358991,15.075710801348976
887,1,134.0,,,,,,
894,1,150.0,46.644739362465685,52.42427737445567,,,97.57572262554433,103.35526063753431
905,1,59.0,118.5919951468421,124.37153315883208,,,-65.37153315883208,-59.591995146842095
918,1,79.0,,,,,,
937,1,54.0,68.8595632197075,74.63910123169748,,,-20.63910123169748,-14.859563219707496
948,1,60.0,49.27417321481927,55.053711226809256,,,4.946288773190744,10.725826785180729
951,1,72.0,110.79962138048128,116.57915939247127,,,-44.57915939247127,-38.799621380481284
970,1,39.0,59.32162657883223,65.10116459082221,,,-26.101164590822208,-20.32162657883223
996,1,78.0,71.16594177897602,76.945479790966,,,1.0545202090339956,6.83405822102398
100,0,62.0,,,,,,
1003,0,103.0,,,,,,
1004,0,98.0,,,,,,
1006,0,136.0,,,,,,
1011,0,53.0,,,,,,
1015,0,81.0,,,,,,
1016,0,108.0,,,,,,
1017,0,111.0,,,,,,
1025,0,105.0,,,,,,
103,0,37.0,,,,,,
1032,0,98.0,,,,,,
104,0,66.0,,,,,,
1040,0,51.0,,,,,,
105,0,69.0,,,,,,
1052,0,72.0,,,,,,
1053,0,94.0,,,,,,
1055,0,53.0,,,,,,
1056,0,85.0,,,,,,
106,0,70.0,,,,,,
1060,0,121.0,,,,,,
1061,0,134.0,,,,,,
107,0,62.0,,,,,,
1070,0,92.0,,,,,,
1072,0,91.0,,,,,,
1076,0,81.0,,,,,,
108,0,107.0,,,,,,
1080,0,93.0,,,,,,
1081,0,51.0,,,,,,
1089,0,83.0,,,,,,
109,0,55.0,,,,,,
1095,0,80.0,,,,,,
1098,0,129.0,,,,,,
11,0,94.0,,,,,,
110,0,83.0,,,,,,
1104,0,117.0,,,,,,
111,0,62.0,,,,,,
1112,0,102.0,,,,,,
1119,0,65.0,,,,,,
112,0,84.0,,,,,,
1124,0,60.0,,,,,,
1126,0,127.0,,,,,,
1131,0,110.0,,,,,,
1138,0,104.0,,,,,,
114,0,117.0,,,,,,
1143,0,140.0,,,,,,
115,0,92.0,,,,,,
1150,0,42.0,,,,,,
1152,0,55.0,,,,,,
1155,0,77.0,,,,,,
1156,0,60.0,,,,,,
1158,0,103.0,,,,,,
1159,0,94.0,,,,,,
116,0,106.0,,,,,,
1162,0,113.0,,,,,,
117,0,68.0,,,,,,
1170,0,83.0,,,,,,
1171,0,48.0,,,,,,
1173,0,95.0,,,,,,
1176,0,79.0,,,,,,
118,0,71.0,,,,,,
1180,0,80.0,,,,,,
1182,0,150.0,,,,,,
1185,0,126.0,,,,,,
1186,0,126.0,,,,,,
1187,0,104.0,,,,,,
1190,0,88.0,,,,,,
1195,0,62.0,,,,,,
1197,0,77.0,,,,,,
1204,0,113.0,,,,,,
1207,0,106.0,,,,,,
1211,0,83.0,,,,,,
1214,0,133.0,,,,,,
1219,0,85.0,,,,,,
1229,0,75.0,,,,,,
123,0,91.0,,,,,,
1230,0,77.0,,,,,,
1231,0,91.0,,,,,,
1237,0,92.0,,,,,,
1241,0,90.0,,,,,,
1242,0,103.0,,,,,,
1247,0,102.0,,,,,,
1251,0,128.0,,,,,,
1255,0,127.0,,,,,,
1257,0,47.0,,,,,,
1259,0,48.0,,,,,,
126,0,95.0,,,,,,
1261,0,51.0,,,,,,
1262,0,49.0,,,,,,
1263,0,95.0,,,,,,
1264,0,93.0,,,,,,
127,0,105.0,,,,,,
1274,0,122.0,,,,,,
1282,0,142.0,,,,,,
1292,0,85.0,,,,,,
1294,0,72.0,,,,,,
1296,0,68.0,,,,,,
13,0,82.0,,,,,,
1309,0,93.0,,,,,,
1310,0,74.0,,,,,,
1311,0,99.0,,,,,,
1321,0,78.0,,,,,,
1331,0,75.0,,,,,,
1335,0,88.0,,,,,,
1344,0,119.0,,,,,,
1352,0,87.0,,,,,,
1357,0,94.0,,,,,,
1358,0,67.0,,,,,,
136,0,89.0,,,,,,
1363,0,96.0,,,,,,
1367,0,52.0,,,,,,
1368,0,130.0,,,,,,
137,0,77.0,,,,,,
1378,0,132.0,,,,,,
1379,0,113.0,,,,,,
1386,0,131.0,,,,,,
1387,0,114.0,,,,,,
1392,0,115.0,,,,,,
1393,0,59.0,,,,,,
1399,0,63.0,,,,,,
14,0,111.0,,,,,,
140,0,85.0,,,,,,
1400,0,69.0,,,,,,
1401,0,90.0,,,,,,
1403,0,60.0,,,,,,
141,0,77.0,,,,,,
1413,0,103.0,,,,,,
1414,0,144.0,,,,,,
1416,0,64.0,,,,,,
1421,0,70.0,,,,,,
1422,0,77.0,,,,,,
1425,0,140.0,,,,,,
1427,0,51.0,,,,,,
1428,0,69.0,,,,,,
143,0,120.0,,,,,,
1430,0,40.0,,,,,,
1440,0,47.0,,,,,,
1441,0,61.0,,,,,,
1444,0,100.0,,,,,,
1445,0,110.0,,,,,,
1447,0,112.0,,,,,,
1448,0,95.0,,,,,,
1449,0,115.0,,,,,,
1452,0,90.0,,,,,,
1453,0,65.0,,,,,,
1454,0,106.0,,,,,,
1455,0,88.0,,,,,,
1456,0,115.0,,,,,,
1457,0,94.0,,,,,,
1458,0,109.0,,,,,,
1459,0,168.0,,,,,,
146,0,109.0,,,,,,
1461,0,144.0,,,,,,
1462,0,136.0,,,,,,
1466,0,133.0,,,,,,
1468,0,92.0,,,,,,
1469,0,139.0,,,,,,
147,0,57.0,,,,,,
1470,0,171.0,,,,,,
1471,0,151.0,,,,,,
1474,0,73.0,,,,,,
1479,0,43.0,,,,,,
1489,0,112.0,,,,,,
149,0,142.0,,,,,,
1490,0,127.0,,,,,,
1497,0,133.0,,,,,,
15,0,85.0,,,,,,
1500,0,91.0,,,,,,
1505,0,83.0,,,,,,
1507,0,59.0,,,,,,
151,0,83.0,,,,,,
1523,0,108.0,,,,,,
1538,0,55.0,,,,,,
1546,0,62.0,,,,,,
1551,0,99.0,,,,,,
1555,0,112.0,,,,,,
1556,0,42.0,,,,,,
1562,0,93.0,,,,,,
158,0,56.0,,,,,,
1580,0,88.0,,,,,,
159,0,51.0,,,,,,
1591,0,94.0,,,,,,
1594,0,58.0,,,,,,
1602,0,42.0,,,,,,
161,0,118.0,,,,,,
162,0,56.0,,,,,,
1623,0,62.0,,,,,,
164,0,64.0,,,,,,
165,0,65.0,,,,,,
1651,0,61.0,,,,,,
1657,0,49.0,,,,,,
166,0,46.0,,,,,,
1663,0,142.0,,,,,,
1667,0,50.0,,,,,,
1674,0,54.0,,,,,,
169,0,88.0,,,,,,
1690,0,109.0,,,,,,
1692,0,39.0,,,,,,
17,0,69.0,,,,,,
170,0,91.0,,,,,,
171,0,62.0,,,,,,
1711,0,106.0,,,,,,
1719,0,63.0,,,,,,
172,0,64.0,,,,,,
1722,0,99.0,,,,,,
1728,0,84.0,,,,,,
173,0,73.0,,,,,,
174,0,113.0,,,,,,
1742,0,98.0,,,,,,
1747,0,165.0,,,,,,
175,0,60.0,,,,,,
176,0,112.0,,,,,,
1760,0,43.0,,,,,,
1763,0,45.0,,,,,,
1764,0,127.0,,,,,,
1765,0,101.0,,,,,,
1768,0,57.0,,,,,,
177,0,79.0,,,,,,
1773,0,98.0,,,,,,
1774,0,46.0,,,,,,
1778,0,106.0,,,,,,
1782,0,83.0,,,,,,
1783,0,128.0,,,,,,
1793,0,91.0,,,,,,
1795,0,146.0,,,,,,
1798,0,106.0,,,,,,
18,0,63.0,,,,,,
1801,0,69.0,,,,,,
1802,0,43.0,,,,,,
1806,0,106.0,,,,,,
1807,0,113.0,,,,,,
1809,0,126.0,,,,,,
181,0,91.0,,,,,,
1824,0,35.0,,,,,,
183,0,66.0,,,,,,
1830,0,129.0,,,,,,
1831,0,53.0,,,,,,
1837,0,54.0,,,,,,
1847,0,71.0,,,,,,
185,0,73.0,,,,,,
1850,0,98.0,,,,,,
1851,0,69.0,,,,,,
1853,0,130.0,,,,,,
1861,0,81.0,,,,,,
1866,0,52.0,,,,,,
1874,0,82.0,,,,,,
1876,0,26.0,,,,,,
188,0,57.0,,,,,,
1885,0,79.0,,,,,,
189,0,97.0,,,,,,
1893,0,100.0,,,,,,
1894,0,115.0,,,,,,
19,0,137.0,,,,,,
190,0,126.0,,,,,,
1909,0,94.0,,,,,,
191,0,50.0,,,,,,
1918,0,114.0,,,,,,
1921,0,123.0,,,,,,
193,0,48.0,,,,,,
195,0,88.0,,,,,,
1955,0,147.0,,,,,,
196,0,95.0,,,,,,
197,0,71.0,,,,,,
1975,0,116.0,,,,,,
1977,0,101.0,,,,,,
1985,0,33.0,,,,,,
1986,0,112.0,,,,,,
1987,0,116.0,,,,,,
1994,0,97.0,,,,,,
1995,0,47.0,,,,,,
1997,0,97.0,,,,,,
1998,0,45.0,,,,,,
2,0,64.0,,,,,,
2002,0,79.0,,,,,,
2019,0,81.0,,,,,,
202,0,29.0,,,,,,
2021,0,87.0,,,,,,
2022,0,59.0,,,,,,
2025,0,153.0,,,,,,
2026,0,96.0,,,,,,
2028,0,123.0,,,,,,
2029,0,114.0,,,,,,
204,0,94.0,,,,,,
205,0,87.0,,,,,,
2050,0,49.0,,,,,,
2055,0,53.0,,,,,,
2068,0,109.0,,,,,,
2072,0,122.0,,,,,,
2073,0,135.0,,,,,,
2079,0,52.0,,,,,,
2080,0,93.0,,,,,,
2083,0,122.0,,,,,,
2092,0,55.0,,,,,,
2093,0,94.0,,,,,,
2095,0,73.0,,,,,,
210,0,125.0,,,,,,
2106,0,135.0,,,,,,
211,0,107.0,,,,,,
2115,0,87.0,,,,,,
2117,0,93.0,,,,,,
2118,0,115.0,,,,,,
212,0,75.0,,,,,,
2121,0,93.0,,,,,,
2138,0,71.0,,,,,,
214,0,73.0,,,,,,
2146,0,86.0,,,,,,
2153,0,60.0,,,,,,
2154,0,106.0,,,,,,
2155,0,139.0,,,,,,
2156,0,127.0,,,,,,
2157,0,112.0,,,,,,
2162,0,26.0,,,,,,
2166,0,80.0,,,,,,
2172,0,116.0,,,,,,
2173,0,80.0,,,,,,
219,0,67.0,,,,,,
2193,0,75.0,,,,,,
2196,0,48.0,,,,,,
2205,0,93.0,,,,,,
2213,0,134.0,,,,,,
2222,0,93.0,,,,,,
2232,0,91.0,,,,,,
2234,0,83.0,,,,,,
2238,0,144.0,,,,,,
224,0,50.0,,,,,,
2241,0,59.0,,,,,,
2243,0,106.0,,,,,,
2244,0,79.0,,,,,,
2245,0,97.0,,,,,,
2253,0,74.0,,,,,,
226,0,111.0,,,,,,
2260,0,49.0,,,,,,
2262,0,65.0,,,,,,
2263,0,137.0,,,,,,
2265,0,135.0,,,,,,
227,0,112.0,,,,,,
2270,0,76.0,,,,,,
2279,0,73.0,,,,,,
228,0,86.0,,,,,,
2280,0,107.0,,,,,,
2282,0,89.0,,,,,,
2283,0,97.0,,,,,,
2284,0,98.0,,,,,,
2288,0,84.0,,,,,,
229,0,54.0,,,,,,
2290,0,127.0,,,,,,
2291,0,87.0,,,,,,
2292,0,27.0,,,,,,
2293,0,123.0,,,,,,
2294,0,80.0,,,,,,
2296,0,100.0,,,,,,
2298,0,170.0,,,,,,
230,0,82.0,,,,,,
2301,0,136.0,,,,,,
2307,0,145.0,,,,,,
2308,0,116.0,,,,,,
2309,0,92.0,,,,,,
2310,0,77.0,,,,,,
2311,0,101.0,,,,,,
2312,0,102.0,,,,,,
2316,0,77.0,,,,,,
2317,0,147.0,,,,,,
2319,0,102.0,,,,,,
232,0,67.0,,,,,,
2322,0,121.0,,,,,,
2323,0,70.0,,,,,,
2324,0,85.0,,,,,,
2325,0,125.0,,,,,,
2326,0,124.0,,,,,,
2328,0,135.0,,,,,,
233,0,100.0,,,,,,
2330,0,125.0,,,,,,
2332,0,130.0,,,,,,
2337,0,114.0,,,,,,
2338,0,111.0,,,,,,
234,0,128.0,,,,,,
2340,0,122.0,,,,,,
2341,0,135.0,,,,,,
2342,0,81.0,,,,,,
2343,0,55.0,,,,,,
2346,0,102.0,,,,,,
2349,0,62.0,,,,,,
235,0,111.0,,,,,,
2351,0,155.0,,,,,,
2353,0,74.0,,,,,,
2354,0,76.0,,,,,,
2355,0,126.0,,,,,,
2358,0,62.0,,,,,,
2359,0,61.0,,,,,,
2361,0,82.0,,,,,,
2363,0,91.0,,,,,,
2366,0,144.0,,,,,,
2367,0,67.0,,,,,,
2368,0,78.0,,,,,,
237,0,130.0,,,,,,
2374,0,72.0,,,,,,
2375,0,130.0,,,,,,
2377,0,118.0,,,,,,
2378,0,74.0,,,,,,
2379,0,86.0,,,,,,
2381,0,138.0,,,,,,
2383,0,88.0,,,,,,
2389,0,100.0,,,,,,
239,0,76.0,,,,,,
2392,0,198.0,,,,,,
2397,0,91.0,,,,,,
24,0,54.0,,,,,,
2406,0,104.0,,,,,,
2409,0,81.0,,,,,,
241,0,61.0,,,,,,
2411,0,114.0,,,,,,
244,0,193.0,,,,,,
2445,0,127.0,,,,,,
2467,0,135.0,,,,,,
2469,0,86.0,,,,,,
2476,0,122.0,,,,,,
2479,0,149.0,,,,,,
248,0,139.0,,,,,,
2481,0,107.0,,,,,,
2484,0,74.0,,,,,,
2500,0,120.0,,,,,,
2501,0,70.0,,,,,,
252,0,121.0,,,,,,
2532,0,83.0,,,,,,
2541,0,135.0,,,,,,
2542,0,53.0,,,,,,
2545,0,107.0,,,,,,
2554,0,167.0,,,,,,
2558,0,96.0,,,,,,
256,0,123.0,,,,,,
2563,0,117.0,,,,,,
257,0,99.0,,,,,,
2589,0,131.0,,,,,,
259,0,79.0,,,,,,
2590,0,113.0,,,,,,
2593,0,157.0,,,,,,
2597,0,92.0,,,,,,
2599,0,99.0,,,,,,
26,0,126.0,,,,,,
260,0,95.0,,,,,,
2600,0,33.0,,,,,,
2601,0,121.0,,,,,,
2602,0,83.0,,,,,,
2604,0,155.0,,,,,,
2606,0,60.0,,,,,,
2607,0,33.0,,,,,,
261,0,70.0,,,,,,
2610,0,73.0,,,,,,
2622,0,125.0,,,,,,
263,0,73.0,,,,,,
2635,0,53.0,,,,,,
264,0,62.0,,,,,,
2640,0,46.0,,,,,,
2642,0,50.0,,,,,,
2654,0,57.0,,,,,,
266,0,101.0,,,,,,
2667,0,30.0,,,,,,
267,0,104.0,,,,,,
2681,0,58.0,,,,,,
2695,0,121.0,,,,,,
27,0,92.0,,,,,,
2701,0,73.0,,,,,,
2704,0,75.0,,,,,,
271,0,86.0,,,,,,
2710,0,48.0,,,,,,
2712,0,79.0,,,,,,
2715,0,160.0,,,,,,
272,0,186.0,,,,,,
2723,0,111.0,,,,,,
2725,0,117.0,,,,,,
2726,0,112.0,,,,,,
2735,0,95.0,,,,,,
274,0,77.0,,,,,,
2741,0,143.0,,,,,,
2747,0,111.0,,,,,,
2749,0,64.0,,,,,,
275,0,44.0,,,,,,
2751,0,113.0,,,,,,
2754,0,148.0,,,,,,
2760,0,106.0,,,,,,
2766,0,158.0,,,,,,
2768,0,111.0,,,,,,
2774,0,98.0,,,,,,
2779,0,134.0,,,,,,
2781,0,61.0,,,,,,
2784,0,147.0,,,,,,
2786,0,66.0,,,,,,
2787,0,71.0,,,,,,
2791,0,104.0,,,,,,
2793,0,125.0,,,,,,
2794,0,82.0,,,,,,
2797,0,176.0,,,,,,
2798,0,58.0,,,,,,
280,0,86.0,,,,,,
2800,0,113.0,,,,,,
2802,0,103.0,,,,,,
2803,0,73.0,,,,,,
2804,0,104.0,,,,,,
2809,0,87.0,,,,,,
281,0,88.0,,,,,,
2812,0,89.0,,,,,,
2815,0,109.0,,,,,,
2816,0,94.0,,,,,,
2820,0,122.0,,,,,,
2822,0,135.0,,,,,,
2824,0,149.0,,,,,,
2826,0,80.0,,,,,,
2827,0,139.0,,,,,,
2828,0,75.0,,,,,,
283,0,62.0,,,,,,
2835,0,69.0,,,,,,
2837,0,104.0,,,,,,
2838,0,121.0,,,,,,
2844,0,38.0,,,,,,
2851,0,57.0,,,,,,
2853,0,50.0,,,,,,
286,0,47.0,,,,,,
2861,0,58.0,,,,,,
287,0,106.0,,,,,,
2872,0,83.0,,,,,,
2875,0,46.0,,,,,,
289,0,96.0,,,,,,
2898,0,52.0,,,,,,
29,0,104.0,,,,,,
290,0,104.0,,,,,,
2935,0,89.0,,,,,,
294,0,59.0,,,,,,
2946,0,79.0,,,,,,
295,0,119.0,,,,,,
2950,0,60.0,,,,,,
2956,0,82.0,,,,,,
296,0,52.0,,,,,,
2967,0,111.0,,,,,,
297,0,53.0,,,,,,
2973,0,93.0,,,,,,
298,0,35.0,,,,,,
3,0,106.0,,,,,,
30,0,53.0,,,,,,
301,0,66.0,,,,,,
3015,0,40.0,,,,,,
3021,0,100.0,,,,,,
3024,0,81.0,,,,,,
303,0,103.0,,,,,,
3040,0,84.0,,,,,,
3051,0,91.0,,,,,,
306,0,83.0,,,,,,
3064,0,51.0,,,,,,
3069,0,63.0,,,,,,
31,0,122.0,,,,,,
311,0,103.0,,,,,,
313,0,96.0,,,,,,
314,0,96.0,,,,,,
315,0,50.0,,,,,,
318,0,69.0,,,,,,
320,0,51.0,,,,,,
321,0,89.0,,,,,,
322,0,92.0,,,,,,
323,0,118.0,,,,,,
324,0,92.0,,,,,,
325,0,96.0,,,,,,
3277,0,72.0,,,,,,
328,0,79.0,,,,,,
3280,0,58.0,,,,,,
329,0,99.0,,,,,,
3290,0,63.0,,,,,,
3292,0,85.0,,,,,,
3294,0,57.0,,,,,,
33,0,97.0,,,,,,
330,0,67.0,,,,,,
331,0,86.0,,,,,,
3318,0,42.0,,,,,,
3319,0,65.0,,,,,,
3327,0,40.0,,,,,,
3329,0,98.0,,,,,,
3330,0,110.0,,,,,,
3336,0,72.0,,,,,,
3338,0,64.0,,,,,,
3344,0,116.0,,,,,,
3345,0,140.0,,,,,,
3346,0,129.0,,,,,,
3348,0,91.0,,,,,,
3356,0,80.0,,,,,,
336,0,90.0,,,,,,
3367,0,65.0,,,,,,
3372,0,65.0,,,,,,
3387,0,97.0,,,,,,
34,0,99.0,,,,,,
340,0,67.0,,,,,,
3408,0,91.0,,,,,,
3424,0,113.0,,,,,,
3425,0,104.0,,,,,,
343,0,83.0,,,,,,
3430,0,109.0,,,,,,
3431,0,56.0,,,,,,
3434,0,79.0,,,,,,
344,0,48.0,,,,,,
345,0,55.0,,,,,,
3454,0,153.0,,,,,,
346,0,137.0,,,,,,
3467,0,126.0,,,,,,
347,0,91.0,,,,,,
3470,0,75.0,,,,,,
3476,0,52.0,,,,,,
3477,0,116.0,,,,,,
3479,0,101.0,,,,,,
3487,0,72.0,,,,,,
3490,0,132.0,,,,,,
3493,0,130.0,,,,,,
3495,0,96.0,,,,,,
35,0,73.0,,,,,,
3501,0,120.0,,,,,,
3504,0,75.0,,,,,,
351,0,124.0,,,,,,
3517,0,26.0,,,,,,
3520,0,134.0,,,,,,
3523,0,99.0,,,,,,
3525,0,74.0,,,,,,
3531,0,131.0,,,,,,
3532,0,66.0,,,,,,
3534,0,139.0,,,,,,
3538,0,141.0,,,,,,
3542,0,137.0,,,,,,
3548,0,126.0,,,,,,
355,0,73.0,,,,,,
3554,0,85.0,,,,,,
356,0,67.0,,,,,,
358,0,79.0,,,,,,
359,0,72.0,,,,,,
360,0,115.0,,,,,,
363,0,94.0,,,,,,
364,0,97.0,,,,,,
365,0,82.0,,,,,,
366,0,87.0,,,,,,
37,0,69.0,,,,,,
370,0,71.0,,,,,,
372,0,199.0,,,,,,
374,0,124.0,,,,,,
375,0,111.0,,,,,,
376,0,106.0,,,,,,
377,0,76.0,,,,,,
379,0,64.0,,,,,,
38,0,58.0,,,,,,
380,0,60.0,,,,,,
383,0,62.0,,,,,,
385,0,58.0,,,,,,
387,0,66.0,,,,,,
388,0,46.0,,,,,,
390,0,66.0,,,,,,
391,0,81.0,,,,,,
394,0,76.0,,,,,,
395,0,103.0,,,,,,
3953,0,114.0,,,,,,
3954,0,115.0,,,,,,
3955,0,112.0,,,,,,
3966,0,50.0,,,,,,
3967,0,105.0,,,,,,
397,0,88.0,,,,,,
398,0,105.0,,,,,,
3981,0,114.0,,,,,,
399,0,42.0,,,,,,
3991,0,42.0,,,,,,
4000,0,118.0,,,,,,
4002,0,103.0,,,,,,
4003,0,56.0,,,,,,
4009,0,104.0,,,,,,
4023,0,103.0,,,,,,
4026,0,99.0,,,,,,
4031,0,84.0,,,,,,
4038,0,61.0,,,,,,
404,0,44.0,,,,,,
4043,0,69.0,,,,,,
4047,0,49.0,,,,,,
405,0,65.0,,,,,,
406,0,77.0,,,,,,
4064,0,77.0,,,,,,
407,0,38.0,,,,,,
4071,0,94.0,,,,,,
4072,0,113.0,,,,,,
4074,0,73.0,,,,,,
4075,0,59.0,,,,,,
408,0,89.0,,,,,,
4089,0,49.0,,,,,,
4092,0,147.0,,,,,,
4093,0,134.0,,,,,,
4112,0,102.0,,,,,,
4114,0,57.0,,,,,,
4115,0,100.0,,,,,,
4127,0,134.0,,,,,,
414,0,84.0,,,,,,
4144,0,41.0,,,,,,
415,0,87.0,,,,,,
4154,0,103.0,,,,,,
416,0,132.0,,,,,,
4166,0,59.0,,,,,,
4171,0,122.0,,,,,,
4174,0,99.0,,,,,,
4178,0,136.0,,,,,,
418,0,70.0,,,,,,
4183,0,145.0,,,,,,
4187,0,118.0,,,,,,
4193,0,45.0,,,,,,
4196,0,147.0,,,,,,
4211,0,160.0,,,,,,
4224,0,148.0,,,,,,
4233,0,105.0,,,,,,
4235,0,51.0,,,,,,
4239,0,98.0,,,,,,
4246,0,66.0,,,,,,
4247,0,95.0,,,,,,
4249,0,65.0,,,,,,
425,0,102.0,,,,,,
4252,0,114.0,,,,,,
4253,0,101.0,,,,,,
4256,0,83.0,,,,,,
4257,0,113.0,,,,,,
426,0,120.0,,,,,,
4263,0,190.0,,,,,,
4264,0,58.0,,,,,,
4270,0,75.0,,,,,,
4271,0,106.0,,,,,,
4272,0,123.0,,,,,,
4273,0,50.0,,,,,,
4274,0,85.0,,,,,,
4275,0,116.0,,,,,,
4279,0,92.0,,,,,,
428,0,77.0,,,,,,
4280,0,110.0,,,,,,
4282,0,41.0,,,,,,
4284,0,33.0,,,,,,
43,0,89.0,,,,,,
431,0,48.0,,,,,,
432,0,88.0,,,,,,
433,0,60.0,,,,,,
434,0,133.0,,,,,,
435,0,73.0,,,,,,
436,0,96.0,,,,,,
439,0,77.0,,,,,,
440,0,51.0,,,,,,
444,0,95.0,,,,,,
446,0,67.0,,,,,,
447,0,77.0,,,,,,
449,0,45.0,,,,,,
45,0,91.0,,,,,,
450,0,93.0,,,,,,
451,0,80.0,,,,,,
452,0,46.0,,,,,,
453,0,49.0,,,,,,
454,0,62.0,,,,,,
46,0,133.0,,,,,,
460,0,40.0,,,,,,
461,0,84.0,,,,,,
463,0,83.0,,,,,,
464,0,72.0,,,,,,
468,0,68.0,,,,,,
471,0,58.0,,,,,,
472,0,60.0,,,,,,
474,0,73.0,,,,,,
478,0,120.0,,,,,,
479,0,77.0,,,,,,
480,0,23.0,,,,,,
481,0,99.0,,,,,,
485,0,85.0,,,,,,
486,0,61.0,,,,,,
487,0,89.0,,,,,,
489,0,136.0,,,,,,
49,0,49.0,,,,,,
490,0,48.0,,,,,,
491,0,108.0,,,,,,
494,0,65.0,,,,,,
495,0,79.0,,,,,,
497,0,84.0,,,,,,
5,0,44.0,,,,,,
50,0,45.0,,,,,,
500,0,66.0,,,,,,
501,0,75.0,,,,,,
505,0,78.0,,,,,,
507,0,47.0,,,,,,
508,0,138.0,,,,,,
511,0,57.0,,,,,,
512,0,66.0,,,,,,
514,0,92.0,,,,,,
517,0,112.0,,,,,,
52,0,89.0,,,,,,
521,0,36.0,,,,,,
522,0,71.0,,,,,,
523,0,110.0,,,,,,
524,0,70.0,,,,,,
526,0,75.0,,,,,,
527,0,66.0,,,,,,
529,0,69.0,,,,,,
53,0,64.0,,,,,,
530,0,59.0,,,,,,
534,0,57.0,,,,,,
535,0,70.0,,,,,,
537,0,98.0,,,,,,
541,0,50.0,,,,,,
545,0,80.0,,,,,,
547,0,144.0,,,,,,
552,0,54.0,,,,,,
554,0,89.0,,,,,,
555,0,68.0,,,,,,
56,0,81.0,,,,,,
560,0,63.0,,,,,,
563,0,159.0,,,,,,
564,0,103.0,,,,,,
566,0,51.0,,,,,,
569,0,64.0,,,,,,
57,0,74.0,,,,,,
570,0,65.0,,,,,,
575,0,104.0,,,,,,
576,0,101.0,,,,,,
577,0,63.0,,,,,,
580,0,41.0,,,,,,
582,0,165.0,,,,,,
584,0,34.0,,,,,,
587,0,66.0,,,,,,
588,0,100.0,,,,,,
59,0,91.0,,,,,,
590,0,72.0,,,,,,
594,0,105.0,,,,,,
597,0,126.0,,,,,,
6,0,43.0,,,,,,
604,0,109.0,,,,,,
605,0,56.0,,,,,,
606,0,87.0,,,,,,
61,0,91.0,,,,,,
613,0,57.0,,,,,,
614,0,153.0,,,,,,
616,0,60.0,,,,,,
618,0,50.0,,,,,,
619,0,103.0,,,,,,
621,0,58.0,,,,,,
624,0,82.0,,,,,,
627,0,98.0,,,,,,
630,0,99.0,,,,,,
632,0,88.0,,,,,,
634,0,76.0,,,,,,
638,0,99.0,,,,,,
640,0,52.0,,,,,,
642,0,32.0,,,,,,
643,0,112.0,,,,,,
645,0,164.0,,,,,,
646,0,104.0,,,,,,
647,0,99.0,,,,,,
649,0,61.0,,,,,,
652,0,108.0,,,,,,
654,0,116.0,,,,,,
656,0,96.0,,,,,,
657,0,105.0,,,,,,
66,0,65.0,,,,,,
661,0,66.0,,,,,,
664,0,90.0,,,,,,
665,0,55.0,,,,,,
666,0,80.0,,,,,,
667,0,123.0,,,,,,
669,0,149.0,,,,,,
670,0,73.0,,,,,,
671,0,77.0,,,,,,
673,0,118.0,,,,,,
676,0,45.0,,,,,,
678,0,99.0,,,,,,
680,0,129.0,,,,,,
681,0,90.0,,,,,,
685,0,81.0,,,,,,
686,0,63.0,,,,,,
69,0,91.0,,,,,,
691,0,53.0,,,,,,
693,0,116.0,,,,,,
694,0,141.0,,,,,,
695,0,75.0,,,,,,
696,0,65.0,,,,,,
698,0,68.0,,,,,,
70,0,107.0,,,,,,
700,0,83.0,,,,,,
701,0,83.0,,,,,,
705,0,120.0,,,,,,
706,0,108.0,,,,,,
708,0,81.0,,,,,,
709,0,78.0,,,,,,
71,0,75.0,,,,,,
710,0,98.0,,,,,,
711,0,62.0,,,,,,
712,0,180.0,,,,,,
714,0,51.0,,,,,,
715,0,50.0,,,,,,
716,0,63.0,,,,,,
717,0,164.0,,,,,,
719,0,91.0,,,,,,
723,0,76.0,,,,,,
725,0,135.0,,,,,,
728,0,63.0,,,,,,
729,0,143.0,,,,,,
73,0,47.0,,,,,,
732,0,78.0,,,,,,
733,0,104.0,,,,,,
734,0,73.0,,,,,,
735,0,102.0,,,,,,
736,0,77.0,,,,,,
737,0,57.0,,,,,,
738,0,68.0,,,,,,
739,0,65.0,,,,,,
740,0,93.0,,,,,,
742,0,143.0,,,,,,
745,0,90.0,,,,,,
746,0,76.0,,,,,,
749,0,66.0,,,,,,
750,0,41.0,,,,,,
752,0,58.0,,,,,,
754,0,45.0,,,,,,
759,0,68.0,,,,,,
761,0,131.0,,,,,,
763,0,97.0,,,,,,
764,0,74.0,,,,,,
766,0,68.0,,,,,,
768,0,74.0,,,,,,
77,0,102.0,,,,,,
770,0,54.0,,,,,,
772,0,86.0,,,,,,
774,0,89.0,,,,,,
785,0,85.0,,,,,,
786,0,71.0,,,,,,
789,0,42.0,,,,,,
791,0,68.0,,,,,,
795,0,61.0,,,,,,
796,0,111.0,,,,,,
797,0,113.0,,,,,,
799,0,65.0,,,,,,
800,0,98.0,,,,,,
805,0,74.0,,,,,,
806,0,119.0,,,,,,
807,0,50.0,,,,,,
812,0,70.0,,,,,,
813,0,79.0,,,,,,
814,0,83.0,,,,,,
818,0,59.0,,,,,,
82,0,178.0,,,,,,
822,0,87.0,,,,,,
824,0,49.0,,,,,,
827,0,69.0,,,,,,
828,0,54.0,,,,,,
83,0,93.0,,,,,,
830,0,125.0,,,,,,
831,0,66.0,,,,,,
832,0,64.0,,,,,,
834,0,39.0,,,,,,
841,0,78.0,,,,,,
844,0,81.0,,,,,,
847,0,96.0,,,,,,
848,0,61.0,,,,,,
849,0,59.0,,,,,,
850,0,112.0,,,,,,
852,0,51.0,,,,,,
853,0,110.0,,,,,,
854,0,100.0,,,,,,
857,0,85.0,,,,,,
859,0,82.0,,,,,,
86,0,107.0,,,,,,
860,0,89.0,,,,,,
861,0,109.0,,,,,,
868,0,130.0,,,,,,
872,0,78.0,,,,,,
880,0,63.0,,,,,,
888,0,33.0,,,,,,
889,0,118.0,,,,,,
89,0,87.0,,,,,,
892,0,150.0,,,,,,
893,0,202.0,,,,,,
9,0,81.0,,,,,,
901,0,130.0,,,,,,
906,0,164.0,,,,,,
909,0,133.0,,,,,,
911,0,84.0,,,,,,
913,0,67.0,,,,,,
915,0,67.0,,,,,,
92,0,58.0,,,,,,
920,0,37.0,,,,,,
922,0,93.0,,,,,,
925,0,61.0,,,,,,
926,0,53.0,,,,,,
927,0,73.0,,,,,,
934,0,90.0,,,,,,
938,0,55.0,,,,,,
94,0,45.0,,,,,,
941,0,83.0,,,,,,
942,0,54.0,,,,,,
944,0,45.0,,,,,,
950,0,52.0,,,,,,
954,0,47.0,,,,,,
955,0,46.0,,,,,,
956,0,31.0,,,,,,
957,0,60.0,,,,,,
960,0,50.0,,,,,,
963,0,38.0,,,,,,
965,0,52.0,,,,,,
968,0,29.0,,,,,,
969,0,88.0,,,,,,
97,0,73.0,,,,,,
971,0,62.0,,,,,,
973,0,105.0,,,,,,
975,0,150.0,,,,,,
979,0,71.0,,,,,,
98,0,46.0,,,,,,
987,0,68.0,,,,,,
988,0,70.0,,,,,,
991,0,85.0,,,,,,
