"method","cr","len","alpha"
"CF",0.1716,0.230143256408003,0.05
"xlearner",0.2594,0.346589583205781,0.05
"bart_naive",0.9974,3.34642887735352,0.05
"bart_inexact",0.8572,1.52145638109185,0.05
"CQR_inexact_quantRF",0.9438,1.97652833890393,0.05
"CQR_exact_quantRF",1,5.09005488261907,0.05
"CQR_naive_quantRF",0.9998,4.39265684745226,0.05
"CQR_inexact_quantBoosting",0.948,2.02577528897909,0.05
"CQR_exact_quantBoosting",0.9998,4.32958153351641,0.05
"CQR_naive_quantBoosting",0.9998,4.19844645298272,0.05
"CQR_inexact_quantBART",0.9602,2.08751095332167,0.05
"CQR_exact_quantBART",0.9992,3.63514901034943,0.05
"CQR_naive_quantBART",0.9986,3.64186383752872,0.05
"CF",0.166,0.207367593264174,0.05
"xlearner",0.2524,0.308754500091081,0.05
"bart_naive",0.9974,3.16883097308604,0.05
"bart_inexact",0.8248,1.36893132066109,0.05
"CQR_inexact_quantRF",0.9654,2.18305144278042,0.05
"CQR_exact_quantRF",1,4.45967144509578,0.05
"CQR_naive_quantRF",0.9998,4.24798390806272,0.05
"CQR_inexact_quantBoosting",0.9652,2.19212436852467,0.05
"CQR_exact_quantBoosting",1,4.26614402297225,0.05
"CQR_naive_quantBoosting",0.9936,3.05996501613705,0.05
"CQR_inexact_quantBART",0.9744,2.29086866949175,0.05
"CQR_exact_quantBART",0.9992,3.68673402217813,0.05
"CQR_naive_quantBART",0.9944,2.97825119763426,0.05
"CF",0.1474,0.186602343502895,0.05
"xlearner",0.2402,0.312683494547292,0.05
"bart_naive",0.997,3.22107953108373,0.05
"bart_inexact",0.825,1.42836958726607,0.05
"CQR_inexact_quantRF",0.9486,2.03625103885905,0.05
"CQR_exact_quantRF",1,4.72107055868808,0.05
"CQR_naive_quantRF",0.9998,4.09920847797305,0.05
"CQR_inexact_quantBoosting",0.9678,2.22937152914952,0.05
"CQR_exact_quantBoosting",0.9998,3.97238219012262,0.05
"CQR_naive_quantBoosting",0.9994,3.64889004485275,0.05
"CQR_inexact_quantBART",0.9656,2.25535351470697,0.05
"CQR_exact_quantBART",0.9994,3.45677041173512,0.05
"CQR_naive_quantBART",0.9998,3.85899599365382,0.05
"CF",0.1604,0.213224555208495,0.05
"xlearner",0.2262,0.302912575522758,0.05
"bart_naive",0.9974,3.25461016465624,0.05
"bart_inexact",0.8772,1.61686857950196,0.05
"CQR_inexact_quantRF",0.9552,2.16692453415938,0.05
"CQR_exact_quantRF",1,4.24762818661264,0.05
"CQR_naive_quantRF",0.9998,4.0980659151579,0.05
"CQR_inexact_quantBoosting",0.9702,2.38082001715131,0.05
"CQR_exact_quantBoosting",1,4.19783157062152,0.05
"CQR_naive_quantBoosting",1,4.52981625271638,0.05
"CQR_inexact_quantBART",0.956,2.13326517600505,0.05
"CQR_exact_quantBART",1,4.56532537843349,0.05
"CQR_naive_quantBART",0.9978,3.469404520822,0.05
"CF",0.1668,0.212151776435856,0.05
"xlearner",0.2484,0.328293615733339,0.05
"bart_naive",0.9966,3.17705986568697,0.05
"bart_inexact",0.8248,1.4444129946434,0.05
"CQR_inexact_quantRF",0.9612,2.26633561778659,0.05
"CQR_exact_quantRF",1,4.14602890130475,0.05
"CQR_naive_quantRF",1,4.09565405697901,0.05
"CQR_inexact_quantBoosting",0.9666,2.33803050056076,0.05
"CQR_exact_quantBoosting",1,3.79770751163332,0.05
"CQR_naive_quantBoosting",0.9996,4.31303108780037,0.05
"CQR_inexact_quantBART",0.848,1.51985758557993,0.05
"CQR_exact_quantBART",1,4.39162150916741,0.05
"CQR_naive_quantBART",0.9994,3.70935200707757,0.05
"CF",0.1546,0.20053865766126,0.05
"xlearner",0.2536,0.335037633640517,0.05
"bart_naive",0.9976,3.34673451311536,0.05
"bart_inexact",0.863,1.56875630332185,0.05
"CQR_inexact_quantRF",0.9704,2.42454818521313,0.05
"CQR_exact_quantRF",1,4.33122089583373,0.05
"CQR_naive_quantRF",1,4.68594648888906,0.05
"CQR_inexact_quantBoosting",0.9674,2.38278760595127,0.05
"CQR_exact_quantBoosting",1,4.15737307003345,0.05
"CQR_naive_quantBoosting",0.9998,4.38774409424192,0.05
"CQR_inexact_quantBART",0.9104,1.79196229829031,0.05
"CQR_exact_quantBART",1,3.97493442871046,0.05
"CQR_naive_quantBART",0.9984,3.58676193543311,0.05
"CF",0.1718,0.223022487232395,0.05
"xlearner",0.2694,0.355178894686634,0.05
"bart_naive",0.9972,3.32857654507758,0.05
"bart_inexact",0.8572,1.50748437730106,0.05
"CQR_inexact_quantRF",0.9728,2.39842798090486,0.05
"CQR_exact_quantRF",0.9998,4.66488787339839,0.05
"CQR_naive_quantRF",0.9998,4.30112659733442,0.05
"CQR_inexact_quantBoosting",0.9744,2.4363519242503,0.05
"CQR_exact_quantBoosting",0.9998,4.34781781285358,0.05
"CQR_naive_quantBoosting",1,5.09030420964616,0.05
"CQR_inexact_quantBART",0.952,2.10059386222993,0.05
"CQR_exact_quantBART",0.9996,3.65821089749248,0.05
"CQR_naive_quantBART",0.9992,3.75112227252594,0.05
"CF",0.1394,0.184921288899489,0.05
"xlearner",0.2338,0.314291512267371,0.05
"bart_naive",0.9978,3.3895616361838,0.05
"bart_inexact",0.8828,1.64512963300784,0.05
"CQR_inexact_quantRF",0.9458,2.06910381382384,0.05
"CQR_exact_quantRF",0.9994,4.01691600526077,0.05
"CQR_naive_quantRF",0.9998,4.26009034595494,0.05
"CQR_inexact_quantBoosting",0.986,2.63412662134683,0.05
"CQR_exact_quantBoosting",0.9986,3.64489708244852,0.05
"CQR_naive_quantBoosting",0.9992,3.88818759830129,0.05
"CQR_inexact_quantBART",0.9302,1.89000133162221,0.05
"CQR_exact_quantBART",0.9992,3.8995950928581,0.05
"CQR_naive_quantBART",0.9986,3.68240782735837,0.05
"CF",0.175,0.223082916656789,0.05
"xlearner",0.2574,0.334521771695056,0.05
"bart_naive",0.9982,3.22924447688031,0.05
"bart_inexact",0.8478,1.48123855141902,0.05
"CQR_inexact_quantRF",0.9702,2.35282032900263,0.05
"CQR_exact_quantRF",1,3.93630030090473,0.05
"CQR_naive_quantRF",1,4.42508928678516,0.05
"CQR_inexact_quantBoosting",0.9532,2.12379081321516,0.05
"CQR_exact_quantBoosting",1,4.29339978321432,0.05
"CQR_naive_quantBoosting",1,4.06491291560532,0.05
"CQR_inexact_quantBART",0.9616,2.20242986170719,0.05
"CQR_exact_quantBART",1,3.95759133293226,0.05
"CQR_naive_quantBART",1,3.93352480971631,0.05
"CF",0.1662,0.212370077545646,0.05
"xlearner",0.2598,0.339867158673188,0.05
"bart_naive",0.9976,3.1520015396366,0.05
"bart_inexact",0.8584,1.51872112233517,0.05
"CQR_inexact_quantRF",0.9734,2.37231620438151,0.05
"CQR_exact_quantRF",1,5.24647351107316,0.05
"CQR_naive_quantRF",1,4.2263882448733,0.05
"CQR_inexact_quantBoosting",0.9532,2.11644045763429,0.05
"CQR_exact_quantBoosting",1,4.38575287921759,0.05
"CQR_naive_quantBoosting",0.999,3.67498818608042,0.05
"CQR_inexact_quantBART",0.9296,1.88990336207505,0.05
"CQR_exact_quantBART",1,3.66775418384283,0.05
"CQR_naive_quantBART",0.9986,3.3878108070675,0.05
"CF",0.1794,0.223914141523532,0.05
"xlearner",0.2534,0.334083549254172,0.05
"bart_naive",0.9976,3.36149030618595,0.05
"bart_inexact",0.8718,1.60561664992177,0.05
"CQR_inexact_quantRF",0.989,2.85094753565363,0.05
"CQR_exact_quantRF",1,4.59323756499713,0.05
"CQR_naive_quantRF",1,4.62839273932525,0.05
"CQR_inexact_quantBoosting",0.9822,2.62907750201354,0.05
"CQR_exact_quantBoosting",1,4.19317582037401,0.05
"CQR_naive_quantBoosting",0.9988,4.14304300211597,0.05
"CQR_inexact_quantBART",0.9662,2.26407067991331,0.05
"CQR_exact_quantBART",1,4.05070570850221,0.05
"CQR_naive_quantBART",1,4.30014580994661,0.05
"CF",0.161,0.216433029963014,0.05
"xlearner",0.2352,0.31205440926645,0.05
"bart_naive",0.9956,3.18910836981837,0.05
"bart_inexact",0.8652,1.55413256569343,0.05
"CQR_inexact_quantRF",0.983,2.66758320813116,0.05
"CQR_exact_quantRF",1,5.35967525200855,0.05
"CQR_naive_quantRF",0.9992,4.01071242798571,0.05
"CQR_inexact_quantBoosting",0.9732,2.52970480663972,0.05
"CQR_exact_quantBoosting",0.9996,4.22961274227998,0.05
"CQR_naive_quantBoosting",0.9938,3.18737048516154,0.05
"CQR_inexact_quantBART",0.9414,1.94905693116196,0.05
"CQR_exact_quantBART",0.9992,3.51825273977846,0.05
"CQR_naive_quantBART",0.998,3.54442676828322,0.05
"CF",0.1758,0.22473761249769,0.05
"xlearner",0.2444,0.320736732097579,0.05
"bart_naive",0.9956,3.22310038267885,0.05
"bart_inexact",0.8334,1.46467579690709,0.05
"CQR_inexact_quantRF",0.97,2.3149413743406,0.05
"CQR_exact_quantRF",0.9998,4.26163907740972,0.05
"CQR_naive_quantRF",0.9998,4.17735754386857,0.05
"CQR_inexact_quantBoosting",0.976,2.41562291753251,0.05
"CQR_exact_quantBoosting",0.9988,3.85917111228305,0.05
"CQR_naive_quantBoosting",0.9996,3.8547947139015,0.05
"CQR_inexact_quantBART",0.9418,2.06464233124657,0.05
"CQR_exact_quantBART",0.999,3.77117003491203,0.05
"CQR_naive_quantBART",0.994,3.11542561841894,0.05
"CF",0.173,0.230653576478865,0.05
"xlearner",0.2628,0.351847447354271,0.05
"bart_naive",0.9988,3.54745582109916,0.05
"bart_inexact",0.8674,1.60892125880007,0.05
"CQR_inexact_quantRF",0.9774,2.52529161291739,0.05
"CQR_exact_quantRF",1,4.23860431143627,0.05
"CQR_naive_quantRF",1,4.96782678989698,0.05
"CQR_inexact_quantBoosting",0.955,2.20863616953747,0.05
"CQR_exact_quantBoosting",1,4.83320234712111,0.05
"CQR_naive_quantBoosting",1,4.74276818908542,0.05
"CQR_inexact_quantBART",0.9788,2.47703176419533,0.05
"CQR_exact_quantBART",0.9998,4.28909357811359,0.05
"CQR_naive_quantBART",1,4.43191734291782,0.05
"CF",0.1546,0.193425296245459,0.05
"xlearner",0.2562,0.344501981657583,0.05
"bart_naive",0.999,3.42704438160853,0.05
"bart_inexact",0.888,1.68267197749293,0.05
"CQR_inexact_quantRF",0.9624,2.21878015133515,0.05
"CQR_exact_quantRF",1,4.3568216529934,0.05
"CQR_naive_quantRF",1,4.57311603525464,0.05
"CQR_inexact_quantBoosting",0.9556,2.12456480179472,0.05
"CQR_exact_quantBoosting",1,4.44533175229486,0.05
"CQR_naive_quantBoosting",0.9992,3.7878701656744,0.05
"CQR_inexact_quantBART",0.9308,1.90474809108474,0.05
"CQR_exact_quantBART",1,4.28442350576106,0.05
"CQR_naive_quantBART",0.9984,3.40084488138798,0.05
"CF",0.1518,0.197934011293981,0.05
"xlearner",0.2318,0.305489175296192,0.05
"bart_naive",0.9926,3.15447520691549,0.05
"bart_inexact",0.8226,1.42051578264933,0.05
"CQR_inexact_quantRF",0.9814,2.7120472378809,0.05
"CQR_exact_quantRF",0.9998,4.44114984816411,0.05
"CQR_naive_quantRF",1,4.72776991513388,0.05
"CQR_inexact_quantBoosting",0.955,2.22517767944143,0.05
"CQR_exact_quantBoosting",0.9988,3.71520908878096,0.05
"CQR_naive_quantBoosting",0.9958,3.53281866627461,0.05
"CQR_inexact_quantBART",0.8386,1.47496410070384,0.05
"CQR_exact_quantBART",0.9986,3.64436461125499,0.05
"CQR_naive_quantBART",0.9994,4.1015178701946,0.05
"CF",0.175,0.222056625612949,0.05
"xlearner",0.2824,0.36206017609842,0.05
"bart_naive",0.9986,3.27982936650986,0.05
"bart_inexact",0.8704,1.57074901522998,0.05
"CQR_inexact_quantRF",0.9762,2.39248039623697,0.05
"CQR_exact_quantRF",1,4.94083057641341,0.05
"CQR_naive_quantRF",0.9998,3.94712785278616,0.05
"CQR_inexact_quantBoosting",0.9836,2.67154354433533,0.05
"CQR_exact_quantBoosting",1,5.84938396962094,0.05
"CQR_naive_quantBoosting",1,4.13807683270285,0.05
"CQR_inexact_quantBART",0.939,1.93870332170335,0.05
"CQR_exact_quantBART",0.9994,3.4782244750991,0.05
"CQR_naive_quantBART",1,3.96385324306849,0.05
"CF",0.1516,0.193036562336542,0.05
"xlearner",0.2442,0.317409570359577,0.05
"bart_naive",0.9954,3.12036841933531,0.05
"bart_inexact",0.8258,1.38674792168622,0.05
"CQR_inexact_quantRF",0.9864,2.5763718604317,0.05
"CQR_exact_quantRF",1,5.3141944579102,0.05
"CQR_naive_quantRF",1,4.66401381795745,0.05
"CQR_inexact_quantBoosting",0.9606,2.14907707128578,0.05
"CQR_exact_quantBoosting",1,4.54424218987303,0.05
"CQR_naive_quantBoosting",0.9998,4.21839704584153,0.05
"CQR_inexact_quantBART",0.9092,1.73578063382832,0.05
"CQR_exact_quantBART",0.9996,3.6875440800405,0.05
"CQR_naive_quantBART",0.9998,4.12034762269975,0.05
"CF",0.156,0.21641872669316,0.05
"xlearner",0.2264,0.321120077196747,0.05
"bart_naive",0.9974,3.33370401185639,0.05
"bart_inexact",0.8402,1.49965294368972,0.05
"CQR_inexact_quantRF",0.9138,1.82344855903607,0.05
"CQR_exact_quantRF",1,4.62272829082019,0.05
"CQR_naive_quantRF",1,4.64828120961536,0.05
"CQR_inexact_quantBoosting",0.9642,2.30558678190551,0.05
"CQR_exact_quantBoosting",1,4.63633889002582,0.05
"CQR_naive_quantBoosting",1,4.44872774211736,0.05
"CQR_inexact_quantBART",0.9316,1.92584797944676,0.05
"CQR_exact_quantBART",0.9998,3.82832998191013,0.05
"CQR_naive_quantBART",0.999,3.65881267374458,0.05
"CF",0.1392,0.184635515534414,0.05
"xlearner",0.2256,0.30195571288741,0.05
"bart_naive",0.9956,3.19993405317331,0.05
"bart_inexact",0.8236,1.41184576874747,0.05
"CQR_inexact_quantRF",0.971,2.40211091738033,0.05
"CQR_exact_quantRF",0.9998,4.67837138444933,0.05
"CQR_naive_quantRF",0.9994,3.98048917732786,0.05
"CQR_inexact_quantBoosting",0.9404,2.01412545070473,0.05
"CQR_exact_quantBoosting",0.9998,4.27620549860805,0.05
"CQR_naive_quantBoosting",0.9996,4.0640614050508,0.05
"CQR_inexact_quantBART",0.8454,1.44860448607842,0.05
"CQR_exact_quantBART",0.999,3.7680313572975,0.05
"CQR_naive_quantBART",0.9994,3.9060525743068,0.05
"CF",0.152,0.202701509438966,0.05
"xlearner",0.2568,0.347922684904569,0.05
"bart_naive",0.9976,3.29024682932484,0.05
"bart_inexact",0.8536,1.52910565689938,0.05
"CQR_inexact_quantRF",0.9854,2.64443938843516,0.05
"CQR_exact_quantRF",1,4.38936140779054,0.05
"CQR_naive_quantRF",0.9998,4.09864226449731,0.05
"CQR_inexact_quantBoosting",0.9576,2.22021567238031,0.05
"CQR_exact_quantBoosting",1,4.48408682718778,0.05
"CQR_naive_quantBoosting",0.9994,4.26488644017883,0.05
"CQR_inexact_quantBART",0.9656,2.21670498828689,0.05
"CQR_exact_quantBART",0.9984,3.40989900611758,0.05
"CQR_naive_quantBART",0.9998,3.95588664591411,0.05
"CF",0.175,0.227985206918582,0.05
"xlearner",0.2574,0.356586362413799,0.05
"bart_naive",0.9956,3.20420647810264,0.05
"bart_inexact",0.823,1.46169889804846,0.05
"CQR_inexact_quantRF",0.9536,2.28537052407441,0.05
"CQR_exact_quantRF",0.9998,4.13090382752926,0.05
"CQR_naive_quantRF",1,4.64271968810924,0.05
"CQR_inexact_quantBoosting",0.8706,1.64725182707948,0.05
"CQR_exact_quantBoosting",1,4.1710412170717,0.05
"CQR_naive_quantBoosting",0.9998,4.23912583645503,0.05
"CQR_inexact_quantBART",0.9172,1.86764992803155,0.05
"CQR_exact_quantBART",0.9996,3.84441938475471,0.05
"CQR_naive_quantBART",0.9998,4.23004704750444,0.05
"CF",0.17,0.224053028378781,0.05
"xlearner",0.2568,0.338839749379266,0.05
"bart_naive",0.998,3.30473087072625,0.05
"bart_inexact",0.8656,1.56143805469302,0.05
"CQR_inexact_quantRF",0.9854,2.62046940233197,0.05
"CQR_exact_quantRF",0.9998,4.13085663517834,0.05
"CQR_naive_quantRF",0.9998,4.42963255274575,0.05
"CQR_inexact_quantBoosting",0.953,2.109694149179,0.05
"CQR_exact_quantBoosting",0.9998,4.20230051269386,0.05
"CQR_naive_quantBoosting",0.9994,3.91097313800811,0.05
"CQR_inexact_quantBART",0.9404,1.9676207182382,0.05
"CQR_exact_quantBART",0.999,3.69107513332399,0.05
"CQR_naive_quantBART",1,4.09652473175596,0.05
"CF",0.165,0.206486026385288,0.05
"xlearner",0.2682,0.344103129056229,0.05
"bart_naive",0.9956,3.22014477172093,0.05
"bart_inexact",0.858,1.51553246361341,0.05
"CQR_inexact_quantRF",0.985,2.64618587672527,0.05
"CQR_exact_quantRF",1,5.05614849164072,0.05
"CQR_naive_quantRF",0.9996,4.46989657053055,0.05
"CQR_inexact_quantBoosting",0.9618,2.24753640472363,0.05
"CQR_exact_quantBoosting",1,4.61542737084198,0.05
"CQR_naive_quantBoosting",0.9946,3.33941607249017,0.05
"CQR_inexact_quantBART",0.976,2.39587505992018,0.05
"CQR_exact_quantBART",1,4.44336443909845,0.05
"CQR_naive_quantBART",0.994,3.14561209436846,0.05
"CF",0.1718,0.20797732263299,0.05
"xlearner",0.257,0.326116812375789,0.05
"bart_naive",0.9978,3.36256329411421,0.05
"bart_inexact",0.8814,1.63954817185328,0.05
"CQR_inexact_quantRF",0.9004,1.72715172045068,0.05
"CQR_exact_quantRF",0.9998,4.00252647584086,0.05
"CQR_naive_quantRF",0.9998,4.33054485257942,0.05
"CQR_inexact_quantBoosting",0.9772,2.37401803897596,0.05
"CQR_exact_quantBoosting",0.9996,3.91839984429519,0.05
"CQR_naive_quantBoosting",0.9996,3.91313154639337,0.05
"CQR_inexact_quantBART",0.9558,2.14376464465742,0.05
"CQR_exact_quantBART",1,4.08949764578501,0.05
"CQR_naive_quantBART",0.9992,3.75005679187939,0.05
"CF",0.1472,0.186967531925932,0.05
"xlearner",0.2562,0.344363559598589,0.05
"bart_naive",0.996,3.36983942380067,0.05
"bart_inexact",0.8838,1.64054951244717,0.05
"CQR_inexact_quantRF",0.972,2.41089750778524,0.05
"CQR_exact_quantRF",1,4.64757721002403,0.05
"CQR_naive_quantRF",0.9994,4.25873164024985,0.05
"CQR_inexact_quantBoosting",0.942,2.06603947739016,0.05
"CQR_exact_quantBoosting",0.9996,3.92176929162663,0.05
"CQR_naive_quantBoosting",0.999,3.93198841017602,0.05
"CQR_inexact_quantBART",0.9178,1.8380709718781,0.05
"CQR_exact_quantBART",0.9996,3.74829250116852,0.05
"CQR_naive_quantBART",0.9992,4.19035731267165,0.05
"CF",0.1596,0.205822843427684,0.05
"xlearner",0.2656,0.338706143589747,0.05
"bart_naive",0.9982,3.34652116165408,0.05
"bart_inexact",0.8674,1.53485524165904,0.05
"CQR_inexact_quantRF",0.9928,2.96939290543398,0.05
"CQR_exact_quantRF",0.9996,4.23030845466105,0.05
"CQR_naive_quantRF",1,4.56428505353889,0.05
"CQR_inexact_quantBoosting",0.9742,2.43056225969033,0.05
"CQR_exact_quantBoosting",1,4.51671960294923,0.05
"CQR_naive_quantBoosting",1,4.57722324363466,0.05
"CQR_inexact_quantBART",0.9256,1.85836700706083,0.05
"CQR_exact_quantBART",0.9994,3.53985356858413,0.05
"CQR_naive_quantBART",0.9982,3.50600245179207,0.05
"CF",0.148,0.187165727940831,0.05
"xlearner",0.2268,0.305184507554457,0.05
"bart_naive",0.9952,3.2536953133092,0.05
"bart_inexact",0.8428,1.46820662976569,0.05
"CQR_inexact_quantRF",0.9546,2.21209121888701,0.05
"CQR_exact_quantRF",0.999,3.99743065244564,0.05
"CQR_naive_quantRF",1,4.50586080128512,0.05
"CQR_inexact_quantBoosting",0.9066,1.80125029886923,0.05
"CQR_exact_quantBoosting",1,4.79568580506609,0.05
"CQR_naive_quantBoosting",0.9998,4.0160981022967,0.05
"CQR_inexact_quantBART",0.9626,2.20473067496516,0.05
"CQR_exact_quantBART",0.9994,3.70142702033682,0.05
"CQR_naive_quantBART",0.9976,3.60806182525249,0.05
"CF",0.1644,0.222368966062804,0.05
"xlearner",0.2464,0.330235005862304,0.05
"bart_naive",0.997,3.28614412174825,0.05
"bart_inexact",0.8632,1.55351134050798,0.05
"CQR_inexact_quantRF",0.9418,1.97380805045861,0.05
"CQR_exact_quantRF",0.9996,3.68924778534672,0.05
"CQR_naive_quantRF",1,4.59050412397165,0.05
"CQR_inexact_quantBoosting",0.9738,2.35565925586482,0.05
"CQR_exact_quantBoosting",1,4.62075023417978,0.05
"CQR_naive_quantBoosting",0.999,3.49663599371382,0.05
"CQR_inexact_quantBART",0.9356,1.93636936541105,0.05
"CQR_exact_quantBART",0.9998,3.94490810949642,0.05
"CQR_naive_quantBART",0.9986,3.54571083945528,0.05
"CF",0.1566,0.196461893330416,0.05
"xlearner",0.2578,0.335205013360309,0.05
"bart_naive",0.999,3.36451612663123,0.05
"bart_inexact",0.8828,1.5976292051815,0.05
"CQR_inexact_quantRF",0.9544,2.12277719863626,0.05
"CQR_exact_quantRF",1,4.34193145059231,0.05
"CQR_naive_quantRF",1,4.98011316780213,0.05
"CQR_inexact_quantBoosting",0.9512,2.09422340291225,0.05
"CQR_exact_quantBoosting",1,4.47336972471794,0.05
"CQR_naive_quantBoosting",1,4.56494306020765,0.05
"CQR_inexact_quantBART",0.9288,1.85229737188987,0.05
"CQR_exact_quantBART",1,4.37461449759229,0.05
"CQR_naive_quantBART",1,4.11965308547357,0.05
"CF",0.1476,0.207619732317827,0.05
"xlearner",0.2428,0.336554872865299,0.05
"bart_naive",0.9966,3.34260777545165,0.05
"bart_inexact",0.8626,1.52722767907694,0.05
"CQR_inexact_quantRF",0.9912,2.96669491080785,0.05
"CQR_exact_quantRF",1,4.87695921655285,0.05
"CQR_naive_quantRF",1,4.59386805544816,0.05
"CQR_inexact_quantBoosting",0.9562,2.20144973321084,0.05
"CQR_exact_quantBoosting",1,4.49873871681006,0.05
"CQR_naive_quantBoosting",0.9974,3.61215195198676,0.05
"CQR_inexact_quantBART",0.9394,1.98525664836334,0.05
"CQR_exact_quantBART",0.9976,3.40426497074304,0.05
"CQR_naive_quantBART",0.997,4.020918432581,0.05
"CF",0.1688,0.223367595891134,0.05
"xlearner",0.2482,0.328882980447711,0.05
"bart_naive",0.997,3.43113085359125,0.05
"bart_inexact",0.8526,1.47896337468233,0.05
"CQR_inexact_quantRF",0.9746,2.32386573151636,0.05
"CQR_exact_quantRF",0.9996,4.28573579931285,0.05
"CQR_naive_quantRF",0.9996,4.1521136111325,0.05
"CQR_inexact_quantBoosting",0.9502,2.15673341540449,0.05
"CQR_exact_quantBoosting",0.9998,4.22549421957042,0.05
"CQR_naive_quantBoosting",0.9994,4.14191776061926,0.05
"CQR_inexact_quantBART",0.9524,2.02721989846178,0.05
"CQR_exact_quantBART",0.999,3.84641675284982,0.05
"CQR_naive_quantBART",0.9934,2.99988131100454,0.05
"CF",0.1618,0.202150711973034,0.05
"xlearner",0.2452,0.316368004884327,0.05
"bart_naive",0.9984,3.26901585548846,0.05
"bart_inexact",0.8682,1.53713633852367,0.05
"CQR_inexact_quantRF",0.9522,2.0518374812806,0.05
"CQR_exact_quantRF",1,4.59654802017958,0.05
"CQR_naive_quantRF",1,4.33806684753891,0.05
"CQR_inexact_quantBoosting",0.944,1.98752908305469,0.05
"CQR_exact_quantBoosting",1,5.16035878390891,0.05
"CQR_naive_quantBoosting",0.9996,3.70010612477517,0.05
"CQR_inexact_quantBART",0.932,1.86211425353425,0.05
"CQR_exact_quantBART",0.9998,3.92972809738833,0.05
"CQR_naive_quantBART",0.9994,3.62992731183191,0.05
"CF",0.159,0.197829257805942,0.05
"xlearner",0.2666,0.338259852126099,0.05
"bart_naive",0.999,3.48754546625617,0.05
"bart_inexact",0.8802,1.61496434649707,0.05
"CQR_inexact_quantRF",0.9774,2.44653608663505,0.05
"CQR_exact_quantRF",1,4.90459410284307,0.05
"CQR_naive_quantRF",0.9998,4.37886270763904,0.05
"CQR_inexact_quantBoosting",0.985,2.59923507602862,0.05
"CQR_exact_quantBoosting",1,4.70395383267806,0.05
"CQR_naive_quantBoosting",0.9994,4.00177624391635,0.05
"CQR_inexact_quantBART",0.9454,1.98705988784561,0.05
"CQR_exact_quantBART",0.9988,3.55051785683348,0.05
"CQR_naive_quantBART",0.9992,3.57111448514684,0.05
"CF",0.1312,0.178996433420767,0.05
"xlearner",0.2312,0.302674868122748,0.05
"bart_naive",0.9984,3.24960042607248,0.05
"bart_inexact",0.8546,1.54750443505462,0.05
"CQR_inexact_quantRF",0.975,2.32776094297088,0.05
"CQR_exact_quantRF",1,4.56448885394556,0.05
"CQR_naive_quantRF",1,4.4466594592544,0.05
"CQR_inexact_quantBoosting",0.9126,1.82985975283617,0.05
"CQR_exact_quantBoosting",0.9992,3.52263219361463,0.05
"CQR_naive_quantBoosting",0.9998,4.1688720275272,0.05
"CQR_inexact_quantBART",0.9432,1.99449834723674,0.05
"CQR_exact_quantBART",1,3.72136581769278,0.05
"CQR_naive_quantBART",0.9992,3.72629193149595,0.05
"CF",0.1836,0.238129777975518,0.05
"xlearner",0.261,0.357354725873705,0.05
"bart_naive",0.9982,3.45869359620559,0.05
"bart_inexact",0.8738,1.64515162279358,0.05
"CQR_inexact_quantRF",0.9646,2.37397759864481,0.05
"CQR_exact_quantRF",1,4.77044432634532,0.05
"CQR_naive_quantRF",0.9994,4.17314385643081,0.05
"CQR_inexact_quantBoosting",0.985,2.79335677080574,0.05
"CQR_exact_quantBoosting",0.9998,4.08414681499184,0.05
"CQR_naive_quantBoosting",0.9998,4.5233939365712,0.05
"CQR_inexact_quantBART",0.9016,1.76501396860296,0.05
"CQR_exact_quantBART",1,4.99312862500324,0.05
"CQR_naive_quantBART",1,4.68766146313576,0.05
"CF",0.169,0.21845079698709,0.05
"xlearner",0.2416,0.312248959973796,0.05
"bart_naive",0.995,3.24774047662292,0.05
"bart_inexact",0.8268,1.42952192478927,0.05
"CQR_inexact_quantRF",0.977,2.51846639359774,0.05
"CQR_exact_quantRF",0.9994,4.03402464515396,0.05
"CQR_naive_quantRF",0.9984,3.80684483114318,0.05
"CQR_inexact_quantBoosting",0.9252,1.89922647401859,0.05
"CQR_exact_quantBoosting",0.9994,4.08152544122239,0.05
"CQR_naive_quantBoosting",0.9962,3.61777837044466,0.05
"CQR_inexact_quantBART",0.9312,1.88549944679613,0.05
"CQR_exact_quantBART",0.9984,3.59653329813941,0.05
"CQR_naive_quantBART",0.9974,3.69674278923518,0.05
"CF",0.188,0.248861073027827,0.05
"xlearner",0.2636,0.351011498652486,0.05
"bart_naive",0.9972,3.35443797773464,0.05
"bart_inexact",0.8296,1.47745239147655,0.05
"CQR_inexact_quantRF",0.9654,2.31464318809598,0.05
"CQR_exact_quantRF",0.9998,5.09383970612426,0.05
"CQR_naive_quantRF",0.9998,5.12143234398578,0.05
"CQR_inexact_quantBoosting",0.9718,2.44536133551023,0.05
"CQR_exact_quantBoosting",0.9998,4.77864146550976,0.05
"CQR_naive_quantBoosting",0.9998,4.11418196007217,0.05
"CQR_inexact_quantBART",0.9636,2.3127709388811,0.05
"CQR_exact_quantBART",0.9998,4.32687362264462,0.05
"CQR_naive_quantBART",0.9998,4.29732028518351,0.05
"CF",0.179,0.22036047342915,0.05
"xlearner",0.2458,0.316227587357514,0.05
"bart_naive",0.9982,3.24739715027472,0.05
"bart_inexact",0.8476,1.47599985260482,0.05
"CQR_inexact_quantRF",0.961,2.16328621062892,0.05
"CQR_exact_quantRF",1,4.03406080486508,0.05
"CQR_naive_quantRF",0.9994,3.79517339211053,0.05
"CQR_inexact_quantBoosting",0.9338,1.93350636143364,0.05
"CQR_exact_quantBoosting",0.9998,3.70647616461037,0.05
"CQR_naive_quantBoosting",0.9988,3.48881591170568,0.05
"CQR_inexact_quantBART",0.9324,1.89214390446876,0.05
"CQR_exact_quantBART",1,3.99358994116808,0.05
"CQR_naive_quantBART",0.9998,3.75823581667635,0.05
"CF",0.1596,0.209472696380178,0.05
"xlearner",0.2342,0.310183097608359,0.05
"bart_naive",0.997,3.3116993311581,0.05
"bart_inexact",0.8574,1.56049597101375,0.05
"CQR_inexact_quantRF",0.9172,1.91353928805128,0.05
"CQR_exact_quantRF",1,4.41284531362985,0.05
"CQR_naive_quantRF",1,3.90504004737298,0.05
"CQR_inexact_quantBoosting",0.9796,2.4596294897857,0.05
"CQR_exact_quantBoosting",1,4.73147347433678,0.05
"CQR_naive_quantBoosting",0.999,3.88174125276949,0.05
"CQR_inexact_quantBART",0.9616,2.1805204835,0.05
"CQR_exact_quantBART",1,4.12999414904836,0.05
"CQR_naive_quantBART",0.9986,3.46457765792533,0.05
"CF",0.1948,0.239460518588931,0.05
"xlearner",0.2778,0.352394775292322,0.05
"bart_naive",0.9984,3.47406639061418,0.05
"bart_inexact",0.8736,1.59353450569953,0.05
"CQR_inexact_quantRF",0.9594,2.22618521380444,0.05
"CQR_exact_quantRF",0.9998,4.19073801345009,0.05
"CQR_naive_quantRF",1,4.32475414292272,0.05
"CQR_inexact_quantBoosting",0.9894,2.86941472302543,0.05
"CQR_exact_quantBoosting",0.9998,4.15719536914568,0.05
"CQR_naive_quantBoosting",0.9998,4.73396989159224,0.05
"CQR_inexact_quantBART",0.9462,2.03225636110448,0.05
"CQR_exact_quantBART",1,3.99537339842834,0.05
"CQR_naive_quantBART",1,4.26183171001003,0.05
"CF",0.1614,0.202332797910698,0.05
"xlearner",0.2548,0.325987638433283,0.05
"bart_naive",0.9966,3.21514970787284,0.05
"bart_inexact",0.8458,1.50777407396013,0.05
"CQR_inexact_quantRF",0.9788,2.55179601540949,0.05
"CQR_exact_quantRF",1,4.54325037552255,0.05
"CQR_naive_quantRF",0.9996,3.88314824435501,0.05
"CQR_inexact_quantBoosting",0.9888,2.85007318987472,0.05
"CQR_exact_quantBoosting",1,4.58049981814835,0.05
"CQR_naive_quantBoosting",0.999,3.78034879203301,0.05
"CQR_inexact_quantBART",0.9242,1.87314855491116,0.05
"CQR_exact_quantBART",0.9998,3.87523039854992,0.05
"CQR_naive_quantBART",0.998,3.59428464154743,0.05
"CF",0.1466,0.199851539831851,0.05
"xlearner",0.2366,0.311166013406717,0.05
"bart_naive",0.996,3.28294994223554,0.05
"bart_inexact",0.8584,1.54969630842598,0.05
"CQR_inexact_quantRF",0.9598,2.24174694748212,0.05
"CQR_exact_quantRF",1,5.17643957866976,0.05
"CQR_naive_quantRF",1,4.56342101966746,0.05
"CQR_inexact_quantBoosting",0.9608,2.2803949240433,0.05
"CQR_exact_quantBoosting",1,4.19582943320684,0.05
"CQR_naive_quantBoosting",0.9998,4.59387673602631,0.05
"CQR_inexact_quantBART",0.861,1.54415046093083,0.05
"CQR_exact_quantBART",0.9998,4.16065635791132,0.05
"CQR_naive_quantBART",0.9988,3.8671444839868,0.05
"CF",0.1496,0.193088306567784,0.05
"xlearner",0.248,0.318442942518633,0.05
"bart_naive",0.9968,3.26990994882969,0.05
"bart_inexact",0.8488,1.4718944386175,0.05
"CQR_inexact_quantRF",0.9584,2.17345289600951,0.05
"CQR_exact_quantRF",0.9998,4.34165197571591,0.05
"CQR_naive_quantRF",0.999,3.75711769966195,0.05
"CQR_inexact_quantBoosting",0.9316,1.99770876510766,0.05
"CQR_exact_quantBoosting",0.9998,4.2337104378922,0.05
"CQR_naive_quantBoosting",0.9996,4.10229645624791,0.05
"CQR_inexact_quantBART",0.9544,2.08017271541665,0.05
"CQR_exact_quantBART",1,4.09405671321937,0.05
"CQR_naive_quantBART",0.9996,3.94392558069351,0.05
"CF",0.162,0.198475887951213,0.05
"xlearner",0.2424,0.304541144787459,0.05
"bart_naive",0.9952,3.15651566957331,0.05
"bart_inexact",0.828,1.43164279105334,0.05
"CQR_inexact_quantRF",0.9606,2.27673041622904,0.05
"CQR_exact_quantRF",1,4.77548373399585,0.05
"CQR_naive_quantRF",0.9998,4.18499664226831,0.05
"CQR_inexact_quantBoosting",0.915,1.81865300109082,0.05
"CQR_exact_quantBoosting",0.9998,3.88657602383738,0.05
"CQR_naive_quantBoosting",0.9984,3.734331727939,0.05
"CQR_inexact_quantBART",0.9234,1.89522378035976,0.05
"CQR_exact_quantBART",0.9988,3.5029576069807,0.05
"CQR_naive_quantBART",0.9996,4.25217032805614,0.05
"CF",0.1532,0.191420641285276,0.05
"xlearner",0.252,0.319642329732468,0.05
"bart_naive",0.9952,3.24470266026174,0.05
"bart_inexact",0.861,1.57108516752103,0.05
"CQR_inexact_quantRF",0.9542,2.27476789351828,0.05
"CQR_exact_quantRF",1,5.15813313750728,0.05
"CQR_naive_quantRF",1,4.53996985343813,0.05
"CQR_inexact_quantBoosting",0.9028,1.75975314160705,0.05
"CQR_exact_quantBoosting",1,4.57546912748817,0.05
"CQR_naive_quantBoosting",0.9998,4.38820959823921,0.05
"CQR_inexact_quantBART",0.8878,1.68254077453088,0.05
"CQR_exact_quantBART",0.9986,3.66031802715218,0.05
"CQR_naive_quantBART",0.9996,4.45236152179689,0.05
"CF",0.1934,0.256381977472799,0.05
"xlearner",0.2838,0.379192282502483,0.05
"bart_naive",0.996,3.25346986751974,0.05
"bart_inexact",0.8496,1.52127307199543,0.05
"CQR_inexact_quantRF",0.981,2.74957418386937,0.05
"CQR_exact_quantRF",0.9998,4.10138677820756,0.05
"CQR_naive_quantRF",0.9996,3.96516782462039,0.05
"CQR_inexact_quantBoosting",0.9584,2.21167755486484,0.05
"CQR_exact_quantBoosting",0.9998,4.26581374505043,0.05
"CQR_naive_quantBoosting",0.9994,3.99155408936683,0.05
"CQR_inexact_quantBART",0.9678,2.24690216212125,0.05
"CQR_exact_quantBART",0.998,3.37542263519303,0.05
"CQR_naive_quantBART",0.9998,4.49682188439331,0.05
"CF",0.1744,0.229103304652951,0.05
"xlearner",0.2434,0.323071423600016,0.05
"bart_naive",0.9982,3.33545380498363,0.05
"bart_inexact",0.8118,1.35694267143642,0.05
"CQR_inexact_quantRF",0.9654,2.23762308371052,0.05
"CQR_exact_quantRF",1,5.4888669304935,0.05
"CQR_naive_quantRF",1,4.64698408905946,0.05
"CQR_inexact_quantBoosting",0.9718,2.29638771661859,0.05
"CQR_exact_quantBoosting",1,4.68039273489893,0.05
"CQR_naive_quantBoosting",1,4.27611768156031,0.05
"CQR_inexact_quantBART",0.8866,1.63834785286341,0.05
"CQR_exact_quantBART",1,3.76750070200325,0.05
"CQR_naive_quantBART",0.9998,3.88585691700167,0.05
"CF",0.1798,0.236762697675238,0.05
"xlearner",0.258,0.340557163725596,0.05
"bart_naive",0.9972,3.33517207256845,0.05
"bart_inexact",0.8568,1.50454328594868,0.05
"CQR_inexact_quantRF",0.9704,2.3543344868082,0.05
"CQR_exact_quantRF",0.9998,4.48342423948861,0.05
"CQR_naive_quantRF",0.9998,4.59347497652835,0.05
"CQR_inexact_quantBoosting",0.9658,2.31643007424275,0.05
"CQR_exact_quantBoosting",1,5.46306259408168,0.05
"CQR_naive_quantBoosting",0.9976,3.95514024761605,0.05
"CQR_inexact_quantBART",0.975,2.34736683636765,0.05
"CQR_exact_quantBART",0.9996,4.16298195352088,0.05
"CQR_naive_quantBART",1,4.66198997558467,0.05
"CF",0.1604,0.200660009442484,0.05
"xlearner",0.2406,0.311801678913302,0.05
"bart_naive",0.996,3.21636244409725,0.05
"bart_inexact",0.8022,1.36650302324066,0.05
"CQR_inexact_quantRF",0.9498,2.11953627726572,0.05
"CQR_exact_quantRF",0.9998,4.05999034781982,0.05
"CQR_naive_quantRF",0.9998,3.7486548907551,0.05
"CQR_inexact_quantBoosting",0.9066,1.79122145351453,0.05
"CQR_exact_quantBoosting",1,4.17869153432337,0.05
"CQR_naive_quantBoosting",0.9988,3.57760896916642,0.05
"CQR_inexact_quantBART",0.9354,1.96562834525856,0.05
"CQR_exact_quantBART",0.9992,3.83956576593593,0.05
"CQR_naive_quantBART",0.9998,3.78227398706746,0.05
"CF",0.1626,0.191014568633118,0.05
"xlearner",0.2604,0.324564639118226,0.05
"bart_naive",0.9984,3.2776279828952,0.05
"bart_inexact",0.829,1.4363094966394,0.05
"CQR_inexact_quantRF",0.984,2.64013976230516,0.05
"CQR_exact_quantRF",1,5.19375347845986,0.05
"CQR_naive_quantRF",1,4.72641323124732,0.05
"CQR_inexact_quantBoosting",0.9372,1.98897060359883,0.05
"CQR_exact_quantBoosting",0.9994,3.77801713254516,0.05
"CQR_naive_quantBoosting",0.9996,4.3327859604793,0.05
"CQR_inexact_quantBART",0.9756,2.38850261888856,0.05
"CQR_exact_quantBART",1,4.19061348700412,0.05
"CQR_naive_quantBART",0.9998,4.09378398216013,0.05
"CF",0.1642,0.21120453171044,0.05
"xlearner",0.2618,0.344655103078698,0.05
"bart_naive",0.9992,3.39940856178803,0.05
"bart_inexact",0.8564,1.5311126995048,0.05
"CQR_inexact_quantRF",0.9686,2.25657988648879,0.05
"CQR_exact_quantRF",0.9998,3.80892743649552,0.05
"CQR_naive_quantRF",0.9998,4.22527647872088,0.05
"CQR_inexact_quantBoosting",0.9216,1.83054571190872,0.05
"CQR_exact_quantBoosting",0.9998,4.22038758376322,0.05
"CQR_naive_quantBoosting",1,4.43099373166965,0.05
"CQR_inexact_quantBART",0.8478,1.49964332621663,0.05
"CQR_exact_quantBART",0.9998,4.13686162847346,0.05
"CQR_naive_quantBART",1,4.01621987456353,0.05
"CF",0.159,0.218480708716465,0.05
"xlearner",0.2512,0.334726732185195,0.05
"bart_naive",0.996,3.24893473530659,0.05
"bart_inexact",0.8834,1.64394308318096,0.05
"CQR_inexact_quantRF",0.9782,2.49220391966836,0.05
"CQR_exact_quantRF",1,5.18213211687534,0.05
"CQR_naive_quantRF",1,4.61664853068213,0.05
"CQR_inexact_quantBoosting",0.9512,2.0876698054756,0.05
"CQR_exact_quantBoosting",1,4.64967170583259,0.05
"CQR_naive_quantBoosting",1,4.5396310719547,0.05
"CQR_inexact_quantBART",0.9646,2.24913504268126,0.05
"CQR_exact_quantBART",1,4.21483320339623,0.05
"CQR_naive_quantBART",0.9998,4.25912154688427,0.05
"CF",0.1564,0.190237923581166,0.05
"xlearner",0.2508,0.313231430900343,0.05
"bart_naive",0.9976,3.30462611962233,0.05
"bart_inexact",0.852,1.48728390070945,0.05
"CQR_inexact_quantRF",0.9716,2.5066791039428,0.05
"CQR_exact_quantRF",0.9994,3.88907811838464,0.05
"CQR_naive_quantRF",0.9994,4.08354083544209,0.05
"CQR_inexact_quantBoosting",0.8932,1.65001185093789,0.05
"CQR_exact_quantBoosting",0.9998,3.9535014053371,0.05
"CQR_naive_quantBoosting",0.9994,3.84754558410716,0.05
"CQR_inexact_quantBART",0.9446,1.9818039584909,0.05
"CQR_exact_quantBART",0.9994,3.59808470641019,0.05
"CQR_naive_quantBART",0.9982,3.43781001209341,0.05
"CF",0.1542,0.19565322745238,0.05
"xlearner",0.2268,0.304795191605057,0.05
"bart_naive",0.996,3.18116078266983,0.05
"bart_inexact",0.8744,1.60394493973854,0.05
"CQR_inexact_quantRF",0.9858,2.69014423587931,0.05
"CQR_exact_quantRF",0.9998,4.32899516211291,0.05
"CQR_naive_quantRF",1,5.75699680250353,0.05
"CQR_inexact_quantBoosting",0.9548,2.24296038358603,0.05
"CQR_exact_quantBoosting",0.9998,4.42343118009029,0.05
"CQR_naive_quantBoosting",0.9992,4.17732665979795,0.05
"CQR_inexact_quantBART",0.9686,2.28284472262916,0.05
"CQR_exact_quantBART",0.9986,3.60168755098735,0.05
"CQR_naive_quantBART",0.997,3.36732235359281,0.05
"CF",0.159,0.211487964491985,0.05
"xlearner",0.234,0.318032769916125,0.05
"bart_naive",0.9956,3.1185700704293,0.05
"bart_inexact",0.7866,1.33821688202527,0.05
"CQR_inexact_quantRF",0.921,1.90983764324759,0.05
"CQR_exact_quantRF",0.9998,3.80009451406749,0.05
"CQR_naive_quantRF",0.9998,4.24106644127536,0.05
"CQR_inexact_quantBoosting",0.979,2.51130356361725,0.05
"CQR_exact_quantBoosting",0.9998,3.74312693546068,0.05
"CQR_naive_quantBoosting",1,4.0521614112774,0.05
"CQR_inexact_quantBART",0.995,3.10178644288917,0.05
"CQR_exact_quantBART",0.9988,3.5624696648558,0.05
"CQR_naive_quantBART",1,4.42189221314451,0.05
"CF",0.163,0.204310269971717,0.05
"xlearner",0.2508,0.325646297886473,0.05
"bart_naive",0.9992,3.35249015628228,0.05
"bart_inexact",0.8594,1.58360307897776,0.05
"CQR_inexact_quantRF",0.9838,2.60165222861669,0.05
"CQR_exact_quantRF",0.9998,3.90064845324987,0.05
"CQR_naive_quantRF",1,4.37268340510463,0.05
"CQR_inexact_quantBoosting",0.9716,2.35304635866135,0.05
"CQR_exact_quantBoosting",0.9998,3.98014803627775,0.05
"CQR_naive_quantBoosting",1,4.16460564850148,0.05
"CQR_inexact_quantBART",0.9266,1.89175681778265,0.05
"CQR_exact_quantBART",1,4.22872921857388,0.05
"CQR_naive_quantBART",0.9994,3.39929933386368,0.05
"CF",0.1446,0.200905650632433,0.05
"xlearner",0.2296,0.320385651723411,0.05
"bart_naive",0.997,3.32583405269711,0.05
"bart_inexact",0.843,1.54139705715281,0.05
"CQR_inexact_quantRF",0.9632,2.35354534550178,0.05
"CQR_exact_quantRF",1,5.15620995619024,0.05
"CQR_naive_quantRF",1,4.38077344183746,0.05
"CQR_inexact_quantBoosting",0.94,2.16594281468441,0.05
"CQR_exact_quantBoosting",0.9998,4.14022917977659,0.05
"CQR_naive_quantBoosting",0.9998,4.16705295413287,0.05
"CQR_inexact_quantBART",0.9536,2.18793201411416,0.05
"CQR_exact_quantBART",0.9996,3.95034266867897,0.05
"CQR_naive_quantBART",0.9978,3.45915280382985,0.05
"CF",0.1638,0.216068063710138,0.05
"xlearner",0.2484,0.324789623210596,0.05
"bart_naive",0.9976,3.19908007861897,0.05
"bart_inexact",0.827,1.41459292826249,0.05
"CQR_inexact_quantRF",0.9994,3.69826460212147,0.05
"CQR_exact_quantRF",1,5.06291086915014,0.05
"CQR_naive_quantRF",0.9996,4.09013868359355,0.05
"CQR_inexact_quantBoosting",0.906,1.83474771276063,0.05
"CQR_exact_quantBoosting",1,4.17333000739543,0.05
"CQR_naive_quantBoosting",0.9988,3.68301581479313,0.05
"CQR_inexact_quantBART",0.882,1.62538893595393,0.05
"CQR_exact_quantBART",1,4.81982595360347,0.05
"CQR_naive_quantBART",0.998,3.3837580036938,0.05
"CF",0.1616,0.207198532055927,0.05
"xlearner",0.252,0.333135755785139,0.05
"bart_naive",0.997,3.30725030434486,0.05
"bart_inexact",0.8626,1.52081674913421,0.05
"CQR_inexact_quantRF",0.9406,2.00925001090198,0.05
"CQR_exact_quantRF",1,4.76735260941849,0.05
"CQR_naive_quantRF",0.9996,3.95569869749502,0.05
"CQR_inexact_quantBoosting",0.981,2.52409262863783,0.05
"CQR_exact_quantBoosting",1,4.78808756711114,0.05
"CQR_naive_quantBoosting",1,4.67774495187505,0.05
"CQR_inexact_quantBART",0.9304,1.87908509769003,0.05
"CQR_exact_quantBART",1,4.17023637258797,0.05
"CQR_naive_quantBART",0.9988,3.54528886105408,0.05
"CF",0.1604,0.202236608494897,0.05
"xlearner",0.2468,0.328574314321723,0.05
"bart_naive",0.997,3.30983524820839,0.05
"bart_inexact",0.8374,1.44507126061711,0.05
"CQR_inexact_quantRF",0.9642,2.36277285158775,0.05
"CQR_exact_quantRF",1,4.90677640940579,0.05
"CQR_naive_quantRF",1,4.45603148076924,0.05
"CQR_inexact_quantBoosting",0.9546,2.19390743322944,0.05
"CQR_exact_quantBoosting",1,4.24023824174813,0.05
"CQR_naive_quantBoosting",1,4.55015506862234,0.05
"CQR_inexact_quantBART",0.9338,1.94579983491118,0.05
"CQR_exact_quantBART",0.9994,3.77952929545089,0.05
"CQR_naive_quantBART",0.9984,3.58682861145012,0.05
"CF",0.1718,0.21857734323682,0.05
"xlearner",0.274,0.359792570660901,0.05
"bart_naive",0.9982,3.45259892323485,0.05
"bart_inexact",0.8568,1.54660034648275,0.05
"CQR_inexact_quantRF",0.9682,2.30630012107768,0.05
"CQR_exact_quantRF",1,5.51851805394096,0.05
"CQR_naive_quantRF",1,4.75138895485658,0.05
"CQR_inexact_quantBoosting",0.9742,2.43117813607163,0.05
"CQR_exact_quantBoosting",1,4.43700802721323,0.05
"CQR_naive_quantBoosting",0.9994,4.19381423392816,0.05
"CQR_inexact_quantBART",0.9426,1.98447030810148,0.05
"CQR_exact_quantBART",0.9996,4.04780038195429,0.05
"CQR_naive_quantBART",0.9996,4.01361556593748,0.05
"CF",0.1804,0.240172387910148,0.05
"xlearner",0.2492,0.335951704684315,0.05
"bart_naive",0.997,3.27730675603617,0.05
"bart_inexact",0.837,1.47841472571107,0.05
"CQR_inexact_quantRF",0.9558,2.13605980010564,0.05
"CQR_exact_quantRF",0.9998,4.68272210020865,0.05
"CQR_naive_quantRF",0.9998,4.13938499572367,0.05
"CQR_inexact_quantBoosting",0.9798,2.49387129885437,0.05
"CQR_exact_quantBoosting",0.9996,4.44329445895551,0.05
"CQR_naive_quantBoosting",0.9998,4.54355695872098,0.05
"CQR_inexact_quantBART",0.9542,2.0816978009466,0.05
"CQR_exact_quantBART",0.9994,3.93951533629015,0.05
"CQR_naive_quantBART",0.9992,3.74889877804234,0.05
"CF",0.1496,0.193113632074956,0.05
"xlearner",0.2448,0.31450943173515,0.05
"bart_naive",0.9958,3.15753927440501,0.05
"bart_inexact",0.8412,1.4313679744624,0.05
"CQR_inexact_quantRF",0.9828,2.563458172202,0.05
"CQR_exact_quantRF",0.9996,4.34408120148954,0.05
"CQR_naive_quantRF",0.9998,4.20707940057687,0.05
"CQR_inexact_quantBoosting",0.8992,1.70265702417086,0.05
"CQR_exact_quantBoosting",0.9996,4.22311496287449,0.05
"CQR_naive_quantBoosting",0.998,3.37803876022486,0.05
"CQR_inexact_quantBART",0.9068,1.71832347041197,0.05
"CQR_exact_quantBART",0.9996,4.05980109745911,0.05
"CQR_naive_quantBART",0.9996,3.87663709461682,0.05
"CF",0.1804,0.220685917269698,0.05
"xlearner",0.251,0.32056881100601,0.05
"bart_naive",0.9984,3.27989317935772,0.05
"bart_inexact",0.8568,1.48915960315099,0.05
"CQR_inexact_quantRF",0.9654,2.21947977483558,0.05
"CQR_exact_quantRF",1,4.49604793339913,0.05
"CQR_naive_quantRF",1,4.51948341266988,0.05
"CQR_inexact_quantBoosting",0.9458,2.02941991112972,0.05
"CQR_exact_quantBoosting",1,4.32465443557305,0.05
"CQR_naive_quantBoosting",1,4.07257680268425,0.05
"CQR_inexact_quantBART",0.9254,1.81338144320864,0.05
"CQR_exact_quantBART",0.999,3.39465500929062,0.05
"CQR_naive_quantBART",0.9964,3.1610202245452,0.05
"CF",0.183,0.232583761809854,0.05
"xlearner",0.2708,0.358549373021873,0.05
"bart_naive",0.9964,3.33974902478535,0.05
"bart_inexact",0.8626,1.54166753591134,0.05
"CQR_inexact_quantRF",0.9372,2.04843591010573,0.05
"CQR_exact_quantRF",0.9998,4.41703455206351,0.05
"CQR_naive_quantRF",0.999,3.98628398935072,0.05
"CQR_inexact_quantBoosting",0.9638,2.24667241252175,0.05
"CQR_exact_quantBoosting",0.9998,4.30786402437347,0.05
"CQR_naive_quantBoosting",1,4.40176205440011,0.05
"CQR_inexact_quantBART",0.9406,1.95898376673679,0.05
"CQR_exact_quantBART",0.998,3.7187437655809,0.05
"CQR_naive_quantBART",0.9986,3.65418767677391,0.05
"CF",0.1634,0.207387358692668,0.05
"xlearner",0.2754,0.353008211656271,0.05
"bart_naive",0.998,3.39408141573062,0.05
"bart_inexact",0.8708,1.5750682909819,0.05
"CQR_inexact_quantRF",0.9656,2.21158919457484,0.05
"CQR_exact_quantRF",0.9998,4.35925464291861,0.05
"CQR_naive_quantRF",1,4.6045158791505,0.05
"CQR_inexact_quantBoosting",0.9336,1.94879160128516,0.05
"CQR_exact_quantBoosting",0.9994,4.18572760664092,0.05
"CQR_naive_quantBoosting",0.9994,4.16548446038579,0.05
"CQR_inexact_quantBART",0.9448,1.97636222129625,0.05
"CQR_exact_quantBART",0.9994,4.11445431464166,0.05
"CQR_naive_quantBART",0.9984,3.44553026248581,0.05
"CF",0.1608,0.205011516397162,0.05
"xlearner",0.2408,0.311698828616025,0.05
"bart_naive",0.9972,3.20998429268431,0.05
"bart_inexact",0.8432,1.45789586414389,0.05
"CQR_inexact_quantRF",0.9746,2.38772160243711,0.05
"CQR_exact_quantRF",0.9998,4.70601342030299,0.05
"CQR_naive_quantRF",1,4.4835927919503,0.05
"CQR_inexact_quantBoosting",0.9466,2.02204072093552,0.05
"CQR_exact_quantBoosting",0.9996,4.26104468863519,0.05
"CQR_naive_quantBoosting",0.9992,4.04004776743026,0.05
"CQR_inexact_quantBART",0.9874,2.66739923764934,0.05
"CQR_exact_quantBART",0.9996,3.97254570208162,0.05
"CQR_naive_quantBART",0.9996,4.07884614936727,0.05
"CF",0.1674,0.217132976285125,0.05
"xlearner",0.254,0.331789976574916,0.05
"bart_naive",0.9988,3.37090157888429,0.05
"bart_inexact",0.8682,1.58205188617823,0.05
"CQR_inexact_quantRF",0.9412,2.04681619130795,0.05
"CQR_exact_quantRF",1,5.56045514286274,0.05
"CQR_naive_quantRF",0.9994,3.91216924342753,0.05
"CQR_inexact_quantBoosting",0.9942,3.03772993983367,0.05
"CQR_exact_quantBoosting",1,4.64119194234689,0.05
"CQR_naive_quantBoosting",0.9998,4.0352625316717,0.05
"CQR_inexact_quantBART",0.8332,1.45962767816917,0.05
"CQR_exact_quantBART",1,4.3064977357619,0.05
"CQR_naive_quantBART",0.9994,3.89572284926135,0.05
"CF",0.1836,0.229646899097316,0.05
"xlearner",0.2478,0.322169004496801,0.05
"bart_naive",0.9974,3.28645036721289,0.05
"bart_inexact",0.8466,1.47465953448311,0.05
"CQR_inexact_quantRF",0.9618,2.21275183445231,0.05
"CQR_exact_quantRF",1,4.8357252730882,0.05
"CQR_naive_quantRF",1,5.05325348080043,0.05
"CQR_inexact_quantBoosting",0.9082,1.74218638887328,0.05
"CQR_exact_quantBoosting",1,4.43413168195083,0.05
"CQR_naive_quantBoosting",0.9996,3.7876957500876,0.05
"CQR_inexact_quantBART",0.9528,2.08159798534873,0.05
"CQR_exact_quantBART",0.9992,3.62142355821696,0.05
"CQR_naive_quantBART",0.9998,3.81482754906154,0.05
"CF",0.1378,0.188567364877927,0.05
"xlearner",0.2156,0.296532940528289,0.05
"bart_naive",0.9974,3.18659154957363,0.05
"bart_inexact",0.8624,1.54597229289518,0.05
"CQR_inexact_quantRF",0.9364,2.01969534346423,0.05
"CQR_exact_quantRF",1,4.82139317822078,0.05
"CQR_naive_quantRF",1,4.34741715236989,0.05
"CQR_inexact_quantBoosting",0.9394,1.99359421470553,0.05
"CQR_exact_quantBoosting",0.9998,4.03130172041669,0.05
"CQR_naive_quantBoosting",1,4.39839561907419,0.05
"CQR_inexact_quantBART",0.908,1.75032701022689,0.05
"CQR_exact_quantBART",0.9996,3.71374772465469,0.05
"CQR_naive_quantBART",0.9992,3.74040129920016,0.05
"CF",0.165,0.205594244314274,0.05
"xlearner",0.2528,0.319015584349554,0.05
"bart_naive",0.997,3.28351475420696,0.05
"bart_inexact",0.8642,1.57018553808096,0.05
"CQR_inexact_quantRF",0.9754,2.40373532414365,0.05
"CQR_exact_quantRF",1,4.73247802411717,0.05
"CQR_naive_quantRF",1,4.27689086817169,0.05
"CQR_inexact_quantBoosting",0.9692,2.28582945549161,0.05
"CQR_exact_quantBoosting",1,4.70152804506212,0.05
"CQR_naive_quantBoosting",0.9984,3.70287506971596,0.05
"CQR_inexact_quantBART",0.8974,1.65453422891481,0.05
"CQR_exact_quantBART",1,4.19209221347784,0.05
"CQR_naive_quantBART",0.9956,3.11782214416659,0.05
"CF",0.1554,0.203777998666715,0.05
"xlearner",0.2688,0.347181952184552,0.05
"bart_naive",0.998,3.21197801934872,0.05
"bart_inexact",0.8142,1.38428267601874,0.05
"CQR_inexact_quantRF",0.9816,2.61201809095784,0.05
"CQR_exact_quantRF",0.9998,3.75716727319099,0.05
"CQR_naive_quantRF",1,4.52821478648253,0.05
"CQR_inexact_quantBoosting",0.9442,2.00012285505573,0.05
"CQR_exact_quantBoosting",1,4.52796826094161,0.05
"CQR_naive_quantBoosting",0.997,3.54497749662212,0.05
"CQR_inexact_quantBART",0.906,1.73416529530688,0.05
"CQR_exact_quantBART",1,3.88862944759506,0.05
"CQR_naive_quantBART",0.9988,3.52666669010999,0.05
"CF",0.1682,0.227147543490042,0.05
"xlearner",0.2586,0.34352553093776,0.05
"bart_naive",0.9978,3.36687801966031,0.05
"bart_inexact",0.8694,1.58183305871509,0.05
"CQR_inexact_quantRF",0.9728,2.36918056942117,0.05
"CQR_exact_quantRF",1,4.54609856376278,0.05
"CQR_naive_quantRF",1,4.61976516563079,0.05
"CQR_inexact_quantBoosting",0.9792,2.51452367865392,0.05
"CQR_exact_quantBoosting",1,4.22303122605153,0.05
"CQR_naive_quantBoosting",0.998,3.64474882737571,0.05
"CQR_inexact_quantBART",0.991,2.76820694816571,0.05
"CQR_exact_quantBART",1,4.78758604305504,0.05
"CQR_naive_quantBART",1,4.97419386102401,0.05
"CF",0.146,0.187437833155383,0.05
"xlearner",0.2434,0.322077903110947,0.05
"bart_naive",0.999,3.39000539192626,0.05
"bart_inexact",0.8592,1.51879107563391,0.05
"CQR_inexact_quantRF",0.9838,2.54485941455099,0.05
"CQR_exact_quantRF",1,4.80882263068133,0.05
"CQR_naive_quantRF",1,5.36386222148726,0.05
"CQR_inexact_quantBoosting",0.9706,2.35218488670823,0.05
"CQR_exact_quantBoosting",1,4.86962327202532,0.05
"CQR_naive_quantBoosting",1,4.11294810046392,0.05
"CQR_inexact_quantBART",0.9266,1.85833412775682,0.05
"CQR_exact_quantBART",0.9998,3.64822141001867,0.05
"CQR_naive_quantBART",0.9998,3.90600810834913,0.05
"CF",0.1632,0.209388416421461,0.05
"xlearner",0.2522,0.338034684782721,0.05
"bart_naive",0.9964,3.2280206825445,0.05
"bart_inexact",0.8486,1.49423074103861,0.05
"CQR_inexact_quantRF",0.9802,2.53238395306291,0.05
"CQR_exact_quantRF",0.9998,4.01789410352987,0.05
"CQR_naive_quantRF",1,4.46820126663381,0.05
"CQR_inexact_quantBoosting",0.9718,2.39244202812267,0.05
"CQR_exact_quantBoosting",0.9988,3.67176112618504,0.05
"CQR_naive_quantBoosting",0.9976,3.42583890341728,0.05
"CQR_inexact_quantBART",0.9708,2.36135068480549,0.05
"CQR_exact_quantBART",0.9992,3.73291111269603,0.05
"CQR_naive_quantBART",0.9998,4.23732580767573,0.05
"CF",0.1454,0.190721662343694,0.05
"xlearner",0.2272,0.307089020155162,0.05
"bart_naive",0.996,3.25525956848349,0.05
"bart_inexact",0.8466,1.49325633076986,0.05
"CQR_inexact_quantRF",0.9582,2.25066444547835,0.05
"CQR_exact_quantRF",1,4.48805772779502,0.05
"CQR_naive_quantRF",0.9998,4.03945740596276,0.05
"CQR_inexact_quantBoosting",0.9478,2.0810096099633,0.05
"CQR_exact_quantBoosting",1,4.20095054219558,0.05
"CQR_naive_quantBoosting",0.9988,3.55624353794409,0.05
"CQR_inexact_quantBART",0.9332,1.90449756811001,0.05
"CQR_exact_quantBART",1,4.008063911763,0.05
"CQR_naive_quantBART",0.995,3.12762151844776,0.05
"CF",0.1508,0.19220122845687,0.05
"xlearner",0.2562,0.334534645972571,0.05
"bart_naive",0.9992,3.36559193461582,0.05
"bart_inexact",0.8848,1.64140489036484,0.05
"CQR_inexact_quantRF",0.9932,2.85399196212726,0.05
"CQR_exact_quantRF",1,4.875082263097,0.05
"CQR_naive_quantRF",1,4.05571094186358,0.05
"CQR_inexact_quantBoosting",0.9846,2.56349378282076,0.05
"CQR_exact_quantBoosting",1,4.18909589479042,0.05
"CQR_naive_quantBoosting",0.9998,4.34162599212044,0.05
"CQR_inexact_quantBART",0.9568,2.1224016553681,0.05
"CQR_exact_quantBART",1,4.02358518203212,0.05
"CQR_naive_quantBART",1,4.45955565537935,0.05
"CF",0.1862,0.235729506091486,0.05
"xlearner",0.2488,0.328088414344791,0.05
"bart_naive",0.998,3.35057205645001,0.05
"bart_inexact",0.8862,1.65168970043804,0.05
"CQR_inexact_quantRF",0.961,2.24198436992809,0.05
"CQR_exact_quantRF",1,5.84352496128437,0.05
"CQR_naive_quantRF",1,5.1901458533571,0.05
"CQR_inexact_quantBoosting",0.9464,2.02859689918591,0.05
"CQR_exact_quantBoosting",1,4.45923124587719,0.05
"CQR_naive_quantBoosting",0.9994,4.02968460841027,0.05
"CQR_inexact_quantBART",0.9388,2.00104844060749,0.05
"CQR_exact_quantBART",1,4.26843914116864,0.05
"CQR_naive_quantBART",1,4.70116748694328,0.05
"CF",0.1416,0.195777514304805,0.05
"xlearner",0.234,0.315981497408271,0.05
"bart_naive",0.9976,3.30890654975396,0.05
"bart_inexact",0.8592,1.53964494122198,0.05
"CQR_inexact_quantRF",0.9888,2.86134167612587,0.05
"CQR_exact_quantRF",1,4.70320817113677,0.05
"CQR_naive_quantRF",1,4.41148101966036,0.05
"CQR_inexact_quantBoosting",0.9722,2.3928348066751,0.05
"CQR_exact_quantBoosting",1,4.60383546687015,0.05
"CQR_naive_quantBoosting",0.9998,4.42301511178354,0.05
"CQR_inexact_quantBART",0.9586,2.11660037227929,0.05
"CQR_exact_quantBART",1,4.59836958910869,0.05
"CQR_naive_quantBART",0.9988,3.73724419988699,0.05
"CF",0.1668,0.21738930476587,0.05
"xlearner",0.2484,0.333118140211564,0.05
"bart_naive",0.9976,3.24809979444982,0.05
"bart_inexact",0.8606,1.53933095624283,0.05
"CQR_inexact_quantRF",0.9518,2.09930771104851,0.05
"CQR_exact_quantRF",1,5.66483336630233,0.05
"CQR_naive_quantRF",0.9992,3.94373982467387,0.05
"CQR_inexact_quantBoosting",0.9196,1.85047781783987,0.05
"CQR_exact_quantBoosting",1,4.32302068989954,0.05
"CQR_naive_quantBoosting",0.999,3.87570477100118,0.05
"CQR_inexact_quantBART",0.8902,1.64894013737335,0.05
"CQR_exact_quantBART",1,4.27431761167463,0.05
"CQR_naive_quantBART",0.9996,3.93663275185804,0.05
"CF",0.1388,0.178000874469187,0.05
"xlearner",0.2356,0.305531304311716,0.05
"bart_naive",0.9978,3.25448772388643,0.05
"bart_inexact",0.86,1.51209205482819,0.05
"CQR_inexact_quantRF",0.9946,2.95455331097938,0.05
"CQR_exact_quantRF",1,4.64904010334457,0.05
"CQR_naive_quantRF",1,4.28084186573693,0.05
"CQR_inexact_quantBoosting",0.9428,2.02407928052506,0.05
"CQR_exact_quantBoosting",1,4.41412259006317,0.05
"CQR_naive_quantBoosting",0.9998,4.22172518406799,0.05
"CQR_inexact_quantBART",0.9622,2.16419269171803,0.05
"CQR_exact_quantBART",1,4.04014825977475,0.05
"CQR_naive_quantBART",0.9988,3.5904705410194,0.05
"CF",0.1564,0.199990097107832,0.05
"xlearner",0.2526,0.320919937253371,0.05
"bart_naive",0.996,3.23803197829648,0.05
"bart_inexact",0.868,1.57252205291131,0.05
"CQR_inexact_quantRF",0.9146,1.87719047247613,0.05
"CQR_exact_quantRF",1,4.470369887065,0.05
"CQR_naive_quantRF",1,4.78345334465834,0.05
"CQR_inexact_quantBoosting",0.9314,2.02527293811596,0.05
"CQR_exact_quantBoosting",1,4.136384353014,0.05
"CQR_naive_quantBoosting",0.999,3.66632589977924,0.05
"CQR_inexact_quantBART",0.9158,1.792040974482,0.05
"CQR_exact_quantBART",1,4.23517484944451,0.05
"CQR_naive_quantBART",1,5.49935263510353,0.05
"CF",0.1764,0.224022410060282,0.05
"xlearner",0.2614,0.341984039647118,0.05
"bart_naive",0.9976,3.32047756715304,0.05
"bart_inexact",0.8478,1.48108378417074,0.05
"CQR_inexact_quantRF",0.969,2.35354140758895,0.05
"CQR_exact_quantRF",0.9998,3.96176022896792,0.05
"CQR_naive_quantRF",0.9998,4.33568441909772,0.05
"CQR_inexact_quantBoosting",0.9404,1.96233452439107,0.05
"CQR_exact_quantBoosting",1,4.71905344689457,0.05
"CQR_naive_quantBoosting",0.9998,4.5066394236702,0.05
"CQR_inexact_quantBART",0.93,1.85344597457522,0.05
"CQR_exact_quantBART",1,4.86410208914192,0.05
"CQR_naive_quantBART",0.9998,3.81702783146805,0.05
"CF",0.1652,0.210542292951467,0.05
"xlearner",0.2482,0.32910048402726,0.05
"bart_naive",0.9972,3.25539130061833,0.05
"bart_inexact",0.8602,1.54725869399279,0.05
"CQR_inexact_quantRF",0.95,2.12897487034926,0.05
"CQR_exact_quantRF",1,4.11684703153982,0.05
"CQR_naive_quantRF",1,4.22563205532401,0.05
"CQR_inexact_quantBoosting",0.9548,2.20472822758456,0.05
"CQR_exact_quantBoosting",1,4.01543367327423,0.05
"CQR_naive_quantBoosting",0.9998,4.16351489015549,0.05
"CQR_inexact_quantBART",0.8996,1.72156137997317,0.05
"CQR_exact_quantBART",1,3.98636381429412,0.05
"CQR_naive_quantBART",1,4.11870874021371,0.05
"CF",0.1636,0.215953630701942,0.05
"xlearner",0.2376,0.321956942517843,0.05
"bart_naive",0.9972,3.32605492271296,0.05
"bart_inexact",0.8408,1.46209438750857,0.05
"CQR_inexact_quantRF",0.9612,2.34431341849821,0.05
"CQR_exact_quantRF",1,4.2544277089841,0.05
"CQR_naive_quantRF",1,4.43012814005878,0.05
"CQR_inexact_quantBoosting",0.928,1.92935526264496,0.05
"CQR_exact_quantBoosting",1,4.22903188285729,0.05
"CQR_naive_quantBoosting",0.999,3.65320010839698,0.05
"CQR_inexact_quantBART",0.9524,2.10528624371597,0.05
"CQR_exact_quantBART",1,4.1718758895028,0.05
"CQR_naive_quantBART",0.9998,4.20993803027414,0.05
"CF",0.1846,0.231528064829889,0.05
"xlearner",0.2434,0.317509616204554,0.05
"bart_naive",0.997,3.19622394849467,0.05
"bart_inexact",0.8386,1.46681137175792,0.05
"CQR_inexact_quantRF",0.9864,2.61974960350687,0.05
"CQR_exact_quantRF",1,4.48490145536167,0.05
"CQR_naive_quantRF",0.9998,4.28288644751502,0.05
"CQR_inexact_quantBoosting",0.9606,2.20902672565477,0.05
"CQR_exact_quantBoosting",1,4.73595274295049,0.05
"CQR_naive_quantBoosting",0.9972,3.45936963291225,0.05
"CQR_inexact_quantBART",0.9296,1.86337215545636,0.05
"CQR_exact_quantBART",0.998,3.2265734143488,0.05
"CQR_naive_quantBART",0.9956,3.09501789304952,0.05
"CF",0.1406,0.17662309481454,0.05
"xlearner",0.2278,0.301348389813548,0.05
"bart_naive",0.9966,3.29936881568932,0.05
"bart_inexact",0.8476,1.49575550147672,0.05
"CQR_inexact_quantRF",0.9804,2.49336875420391,0.05
"CQR_exact_quantRF",0.9992,4.01351325058321,0.05
"CQR_naive_quantRF",0.9996,4.37766341214843,0.05
"CQR_inexact_quantBoosting",0.9794,2.51887051500981,0.05
"CQR_exact_quantBoosting",0.9984,3.55454526908911,0.05
"CQR_naive_quantBoosting",0.9986,4.21639138407375,0.05
"CQR_inexact_quantBART",0.9442,2.00045202816202,0.05
"CQR_exact_quantBART",0.9984,3.50531680806161,0.05
"CQR_naive_quantBART",0.9994,4.30776101190888,0.05
"CF",0.151,0.191997927740279,0.05
"xlearner",0.2338,0.292476514768214,0.05
"bart_naive",0.997,3.08871187721137,0.05
"bart_inexact",0.865,1.52489027889296,0.05
"CQR_inexact_quantRF",0.9814,2.48537739417017,0.05
"CQR_exact_quantRF",1,4.16871854521146,0.05
"CQR_naive_quantRF",0.999,3.66686993671418,0.05
"CQR_inexact_quantBoosting",0.9126,1.73476442749212,0.05
"CQR_exact_quantBoosting",0.9988,3.57644600527835,0.05
"CQR_naive_quantBoosting",0.9982,3.22517930220444,0.05
"CQR_inexact_quantBART",0.9674,2.21939616455406,0.05
"CQR_exact_quantBART",0.9998,3.93878920759262,0.05
"CQR_naive_quantBART",0.9994,3.57353220787881,0.05
"CF",0.1396,0.182620473748448,0.05
"xlearner",0.2448,0.320879110509081,0.05
"bart_naive",0.9972,3.28928671202409,0.05
"bart_inexact",0.8512,1.50426038384528,0.05
"CQR_inexact_quantRF",0.9258,1.92627881683401,0.05
"CQR_exact_quantRF",1,4.65972472366392,0.05
"CQR_naive_quantRF",0.9998,4.14790011491038,0.05
"CQR_inexact_quantBoosting",0.9626,2.21573196875639,0.05
"CQR_exact_quantBoosting",0.9998,3.96932707698873,0.05
"CQR_naive_quantBoosting",0.9996,4.14038009243094,0.05
"CQR_inexact_quantBART",0.9192,1.78998367305447,0.05
"CQR_exact_quantBART",0.9998,3.71083207155225,0.05
"CQR_naive_quantBART",0.9978,3.44859789682749,0.05
"CF",0.1764,0.22937694480265,0.05
"xlearner",0.2634,0.344932695060384,0.05
"bart_naive",0.9982,3.32376681235436,0.05
"bart_inexact",0.8486,1.49012209345184,0.05
"CQR_inexact_quantRF",0.9796,2.55283039436065,0.05
"CQR_exact_quantRF",1,4.32008304124725,0.05
"CQR_naive_quantRF",1,4.99022030745661,0.05
"CQR_inexact_quantBoosting",0.9644,2.28834907910571,0.05
"CQR_exact_quantBoosting",0.9998,4.10754731803236,0.05
"CQR_naive_quantBoosting",0.9998,3.98822340984898,0.05
"CQR_inexact_quantBART",0.9362,1.95843649930846,0.05
"CQR_exact_quantBART",1,4.14888125431088,0.05
"CQR_naive_quantBART",0.9998,3.8190689239133,0.05
"CF",0.1674,0.226270847095848,0.05
"xlearner",0.229,0.309642380891716,0.05
"bart_naive",0.9968,3.26671658023777,0.05
"bart_inexact",0.8482,1.5115854641046,0.05
"CQR_inexact_quantRF",0.9718,2.5356229689029,0.05
"CQR_exact_quantRF",1,4.5741528211465,0.05
"CQR_naive_quantRF",0.9998,3.8712985185423,0.05
"CQR_inexact_quantBoosting",0.9522,2.17734118363411,0.05
"CQR_exact_quantBoosting",1,4.41426242227644,0.05
"CQR_naive_quantBoosting",1,4.32581620993487,0.05
"CQR_inexact_quantBART",0.9766,2.4173521798657,0.05
"CQR_exact_quantBART",0.9994,3.75293839141028,0.05
"CQR_naive_quantBART",0.9988,3.42893240149876,0.05
"CF",0.1432,0.198757223147919,0.05
"xlearner",0.2474,0.334184540071196,0.05
"bart_naive",0.9966,3.32759392272929,0.05
"bart_inexact",0.8244,1.4550484501766,0.05
"CQR_inexact_quantRF",0.9608,2.27800030380839,0.05
"CQR_exact_quantRF",0.9998,4.11601572712324,0.05
"CQR_naive_quantRF",0.9984,3.72210451058082,0.05
"CQR_inexact_quantBoosting",0.9532,2.13111840258564,0.05
"CQR_exact_quantBoosting",0.9994,3.87775320113619,0.05
"CQR_naive_quantBoosting",0.9978,3.61974681706524,0.05
"CQR_inexact_quantBART",0.8824,1.63878881314567,0.05
"CQR_exact_quantBART",0.998,3.47731250231464,0.05
"CQR_naive_quantBART",0.9948,3.23366886423099,0.05
"CF",0.1488,0.182983394660964,0.05
"xlearner",0.2382,0.302731666109272,0.05
"bart_naive",0.9966,3.13857133192712,0.05
"bart_inexact",0.8232,1.40323414985992,0.05
"CQR_inexact_quantRF",0.9714,2.34366331138429,0.05
"CQR_exact_quantRF",1,4.05269903505215,0.05
"CQR_naive_quantRF",1,4.57668706163561,0.05
"CQR_inexact_quantBoosting",0.9654,2.31418873221563,0.05
"CQR_exact_quantBoosting",0.9998,3.74698570778583,0.05
"CQR_naive_quantBoosting",0.9992,3.76278631828094,0.05
"CQR_inexact_quantBART",0.8518,1.49456002604741,0.05
"CQR_exact_quantBART",0.9982,3.28867717693042,0.05
"CQR_naive_quantBART",0.9998,3.83953741593483,0.05
"CF",0.1718,0.211889001293873,0.05
"xlearner",0.2742,0.358690687528667,0.05
"bart_naive",0.998,3.41657328223057,0.05
"bart_inexact",0.8804,1.62136198149841,0.05
"CQR_inexact_quantRF",0.9626,2.31053022250903,0.05
"CQR_exact_quantRF",0.9998,4.58740159300194,0.05
"CQR_naive_quantRF",0.9998,4.28411757224984,0.05
"CQR_inexact_quantBoosting",0.9804,2.53608397869952,0.05
"CQR_exact_quantBoosting",0.9996,4.09240859725046,0.05
"CQR_naive_quantBoosting",1,4.11172411016462,0.05
"CQR_inexact_quantBART",0.9622,2.20960383855409,0.05
"CQR_exact_quantBART",0.9994,4.05025043828767,0.05
"CQR_naive_quantBART",0.9988,3.70124391815282,0.05
"CF",0.1938,0.250369472216363,0.05
"xlearner",0.2888,0.382648635738707,0.05
"bart_naive",0.9992,3.51444416467551,0.05
"bart_inexact",0.9112,1.75712789097639,0.05
"CQR_inexact_quantRF",0.9702,2.33393740536848,0.05
"CQR_exact_quantRF",1,4.58395352325657,0.05
"CQR_naive_quantRF",0.9998,4.22891973350105,0.05
"CQR_inexact_quantBoosting",0.995,3.02542213930457,0.05
"CQR_exact_quantBoosting",1,5.0727672066349,0.05
"CQR_naive_quantBoosting",1,4.96666256864209,0.05
"CQR_inexact_quantBART",0.95,2.07618968004766,0.05
"CQR_exact_quantBART",0.9994,3.83292495094536,0.05
"CQR_naive_quantBART",1,5.37627677363119,0.05
"CF",0.149,0.207218650941462,0.05
"xlearner",0.2326,0.318401138128312,0.05
"bart_naive",0.9966,3.32537400260128,0.05
"bart_inexact",0.8972,1.71519830417794,0.05
"CQR_inexact_quantRF",0.929,2.08907485527089,0.05
"CQR_exact_quantRF",1,4.32952581011258,0.05
"CQR_naive_quantRF",1,6.91295759245891,0.05
"CQR_inexact_quantBoosting",1,4.62774951424675,0.05
"CQR_exact_quantBoosting",1,4.6088984210056,0.05
"CQR_naive_quantBoosting",1,5.79820435389986,0.05
"CQR_inexact_quantBART",0.9146,1.79456093160135,0.05
"CQR_exact_quantBART",0.999,3.76949668038641,0.05
"CQR_naive_quantBART",0.9936,3.09030591308229,0.05
"CF",0.1422,0.184321146178945,0.05
"xlearner",0.228,0.301053596250211,0.05
"bart_naive",0.9972,3.28760436139336,0.05
"bart_inexact",0.8616,1.54831754674255,0.05
"CQR_inexact_quantRF",0.9782,2.51503697231277,0.05
"CQR_exact_quantRF",0.9988,3.73698740168786,0.05
"CQR_naive_quantRF",0.9996,3.84268568445762,0.05
"CQR_inexact_quantBoosting",0.9744,2.39359957154572,0.05
"CQR_exact_quantBoosting",1,4.26189854245044,0.05
"CQR_naive_quantBoosting",1,4.54941660387807,0.05
"CQR_inexact_quantBART",0.9662,2.14847088858396,0.05
"CQR_exact_quantBART",0.9994,4.05094002599301,0.05
"CQR_naive_quantBART",0.998,3.68663833280767,0.05
"CF",0.157,0.199778131733498,0.05
"xlearner",0.2374,0.311044541671745,0.05
"bart_naive",0.997,3.18007393191432,0.05
"bart_inexact",0.846,1.47752412041025,0.05
"CQR_inexact_quantRF",0.9512,2.08768864552247,0.05
"CQR_exact_quantRF",1,4.41561005745093,0.05
"CQR_naive_quantRF",0.9988,3.6173430024122,0.05
"CQR_inexact_quantBoosting",0.9352,1.90568610689506,0.05
"CQR_exact_quantBoosting",0.9998,3.83054775359968,0.05
"CQR_naive_quantBoosting",0.9998,4.03723924153725,0.05
"CQR_inexact_quantBART",0.9054,1.71326618923086,0.05
"CQR_exact_quantBART",0.999,3.48998576310206,0.05
"CQR_naive_quantBART",0.9984,3.44791748946415,0.05
"CF",0.158,0.193518540109392,0.05
"xlearner",0.2542,0.328756472320942,0.05
"bart_naive",0.9972,3.37491281967012,0.05
"bart_inexact",0.8916,1.63648919144148,0.05
"CQR_inexact_quantRF",0.9692,2.32765772696253,0.05
"CQR_exact_quantRF",0.9996,5.10691894607582,0.05
"CQR_naive_quantRF",0.9992,4.15950100452297,0.05
"CQR_inexact_quantBoosting",0.9616,2.22724857220129,0.05
"CQR_exact_quantBoosting",0.999,4.14156560050959,0.05
"CQR_naive_quantBoosting",0.9988,3.80809577061068,0.05
"CQR_inexact_quantBART",0.969,2.21485694434229,0.05
"CQR_exact_quantBART",0.999,3.91347600234635,0.05
"CQR_naive_quantBART",0.999,3.76178957735147,0.05
